,0,n,e,r,s
att,0.0499603489294211,0.5947660586835845,0.19904837430610625,0.15622521808088818,0.0
mer,0.7157498116051243,0.2776186887716654,0.0049736247174076865,0.0003014318010550113,0.0013564431047475508
ten,0.973215216258468,0.024387701928087546,0.0019801980198019802,0.0,0.00041688379364252214
ote,0.3443181818181818,0.6545454545454545,0.0011363636363636363,0.0,0.0
ite,0.09293379226564082,0.8985624620368495,0.0,0.0,0.008503745697509618
eit,0.00022362359676193031,0.9893555167941321,0.009615814660763004,0.0003577977548190885,0.00044724719352386063
tiz,0.0,1.0,0.0,0.0,0.0
cke,0.26096922069417156,0.7390307793058284,0.0,0.0,0.0
ssn,0.0,1.0,0.0,0.0,0.0
ber,0.7726259473918858,0.222246990637539,0.001560410164957646,0.00022291573785109228,0.0033437360677663844
ern,0.8068638189120116,0.10040160642570281,0.08890105878057686,0.001095290251916758,0.002738225629791895
ion,0.0006324177329932331,0.9884478360773236,0.00018972531989796995,0.0,0.010730020869785188
ier,0.07993268826251577,0.503155237694573,0.3923012200252419,0.00021034917963819942,0.02440050483803113
äum,0.0,0.9804878048780488,0.01951219512195122,0.0,0.0
ung,0.0001374192661811186,0.996627942622171,0.0012156319700637414,0.0,0.002019006141584127
lle,0.11896605418872626,0.8800996574275927,0.0003114294612270321,0.00010380982040901069,0.0005190491020450534
gen,0.9405181347150259,0.039792746113989634,0.018860103626943004,0.0002072538860103627,0.000621761658031088
hme,0.0,1.0,0.0,0.0,0.0
nge,0.13175454664398797,0.8660211958654979,0.0,0.0,0.002224257490514196
ert,0.01167088115152694,0.380665240225637,0.5841276016339234,0.007780587434351294,0.01575568955456137
ahr,0.0004894078165419842,0.6367894847234846,0.362511361252884,0.0,0.0002097462070894218
tor,0.005264184051472022,0.951452524858647,0.03470462078377851,0.0,0.008578670306102555
ent,0.01523937963587323,0.4691840863115307,0.40202292650033716,0.002157788267026298,0.11139581928523264
lem,0.002879473467708762,0.1616618675442205,0.835047305635541,0.0,0.00041135335252982314
eis,0.0017907393195190585,0.2003069838833461,0.797390636991558,0.00025581990278843696,0.00025581990278843696
rte,0.15842911877394636,0.8406130268199233,0.0007662835249042146,0.0,0.00019157088122605365
ahl,0.0008928571428571428,0.9919642857142857,0.006696428571428571,0.0004464285714285714,0.0
men,0.9945942662779398,0.001943634596695821,0.0028547133138969874,6.073858114674441e-05,0.0005466472303206997
cht,0.0027273680897933494,0.5400188817790832,0.42620371341655305,0.028847162488198887,0.0022028742263715513
nch,0.06,0.22,0.67,0.0,0.05
hrt,0.00390625,0.962890625,0.033203125,0.0,0.0
and,0.0071288102261553585,0.5397000983284169,0.27851524090462143,0.16568338249754178,0.008972468043264504
abe,0.00028368794326241134,0.9991489361702127,0.0,0.0,0.0005673758865248227
age,0.010194429847609038,0.9873883342091434,0.0,0.0,0.0024172359432475038
ser,0.6023832684824902,0.38813229571984437,0.00632295719844358,0.00024319066147859923,0.0029182879377431907
rke,0.06339581036383682,0.9366041896361632,0.0,0.0,0.0
dig,0.0049504950495049506,0.5544554455445545,0.39603960396039606,0.034653465346534656,0.009900990099009901
die,0.021052631578947368,0.9588516746411483,0.0,0.0,0.020095693779904306
bil,0.002,0.066,0.914,0.016,0.002
ast,0.0034342803621604744,0.41273805807055886,0.5057758351545426,0.00031220730565095225,0.0777396191070871
nde,0.05827387635362718,0.941581253848104,0.0,0.0,0.0001448697982688059
hiv,0.0,0.27692307692307694,0.7230769230769231,0.0,0.0
raf,0.03723404255319149,0.9627659574468085,0.0,0.0,0.0
eum,0.053231939163498096,0.9429657794676806,0.0,0.0,0.0038022813688212928
rie,0.0,0.9921899406435489,0.0,0.0,0.007810059356451109
rat,0.0023677979479084454,0.27348066298342544,0.7067876874506709,0.0027624309392265192,0.014601420678768745
ute,0.3866045615162223,0.612431737873434,0.00032123353678124,0.00016061676839062,0.0004818503051718599
her,0.7565682978458473,0.2325986801145561,0.008716224629560454,0.00037355248412401944,0.0017432449259120906
rau,0.0009363295880149813,0.9957865168539326,0.0028089887640449437,0.00046816479400749064,0.0
ium,0.008792497069167644,0.9897420867526378,0.0,0.0,0.0014654161781946073
ter,0.6148019439089947,0.32356853908180166,0.05082398935736975,0.0060272038660983355,0.004778323785735617
zer,0.7684998560322488,0.23073231596122468,9.597850081581725e-05,9.597850081581725e-05,0.0005758710048949035
ker,0.7655038759689923,0.21608527131782945,0.0024224806201550387,0.00024224806201550387,0.015746124031007752
lad,0.0,0.7727272727272727,0.03636363636363636,0.15454545454545454,0.03636363636363636
sse,0.3963273744375532,0.6024565243828287,0.0004864404718472577,0.0,0.0007296607077708865
ice,0.06812339331619537,0.017994858611825194,0.0,0.0,0.9138817480719794
ukt,0.0006506710044733631,0.21886945912972752,0.7803172021146808,0.0,0.00016266775111834078
nat,0.0015375153751537515,0.5378228782287823,0.46063960639606394,0.0,0.0
nis,0.002730030333670374,0.13953488372093023,0.8575328614762386,0.0,0.00020222446916076846
sch,0.0030454858041064937,0.857844581982513,0.13635917084192947,0.002652519893899204,9.824147755182238e-05
ing,0.04541309502097392,0.16250227977384643,0.5469633412365493,0.0001823819077147547,0.24493890206091556
aft,0.00017337031900138697,0.7690707350901526,0.23058252427184467,0.0,0.00017337031900138697
tem,0.006951340615690168,0.2047335319430652,0.7651439920556107,0.0,0.023171135385633895
che,0.14524573551764905,0.8503631143387941,0.0,0.001266677926026009,0.0031244722175308224
aat,0.0019047619047619048,0.9961904761904762,0.0,0.0,0.0019047619047619048
lan,0.0045045045045045045,0.10585585585585586,0.8566066066066066,0.0,0.03303303303303303
ger,0.7432339607088886,0.24179145487017448,0.009204561066080506,0.0002747630168979255,0.005495260337958511
gin,0.020242914979757085,0.46153846153846156,0.20512820512820512,0.0,0.31309041835357626
tel,0.5690771222489366,0.2626225263547254,0.000739781764379508,0.0,0.16756056963195856
iem,0.03571428571428571,0.7142857142857143,0.25,0.0,0.0
eri,0.007692307692307693,0.9923076923076923,0.0,0.0,0.0
itt,0.0012630249447426586,0.26681401957688666,0.727818124407957,0.0034733185980423114,0.0006315124723713293
eam,0.03230722340749771,0.0006095702529716549,0.0,0.0,0.9670832063395306
ler,0.7773770018756312,0.2192324339922089,0.0019477708844322609,0.00014427932477276007,0.0012985139229548406
fer,0.7281780902167545,0.247510251903925,0.0005858230814294083,0.0,0.023725834797891036
tag,0.001571400510705166,0.45315262227460223,0.4985268120212139,0.0,0.04674916519347869
ile,0.1171993911719939,0.867579908675799,0.0,0.00076103500761035,0.01445966514459665
ife,0.12378640776699029,0.8762135922330098,0.0,0.0,0.0
kay,1.0,0.0,0.0,0.0,0.0
ken,0.9461538461538461,0.0071794871794871795,0.02666666666666667,0.0005128205128205128,0.019487179487179488
hre,0.10714285714285714,0.8908730158730159,0.0,0.0,0.001984126984126984
ext,0.019543973941368076,0.251900108577633,0.7285559174809989,0.0,0.0
ude,0.5482406356413166,0.44948921679909193,0.0,0.0,0.0022701475595913734
ial,0.020833333333333332,0.746875,0.18802083333333333,0.0,0.044270833333333336
oll,0.017173051519154558,0.4438573315719947,0.49801849405548215,0.026420079260237782,0.01453104359313078
kti,0.023809523809523808,0.7142857142857143,0.0,0.0,0.2619047619047619
dat,0.00016139444803098772,0.8224661071659135,0.04389928986442866,0.0,0.13347320852162686
tät,0.00021510002151000216,0.99935469993547,0.0,0.0,0.00043020004302000433
pus,0.9803921568627451,0.0,0.0196078431372549,0.0,0.0
adt,0.0,0.4783362218370884,0.5216637781629117,0.0,0.0
erk,0.0036719706242350062,0.19216646266829865,0.7980416156670747,0.0,0.006119951040391677
uch,0.0031409501374165686,0.22300745975657638,0.5653710247349824,0.20573223400078525,0.0027483313702394976
enz,0.0,0.9996359665089188,0.00036403349108117945,0.0,0.0
eck,0.004964147821290678,0.4125758411472697,0.49862107004964146,0.0005515719801434088,0.08328736900165472
ust,0.023112480739599383,0.2711864406779661,0.6795069337442219,0.0061633281972265025,0.020030816640986132
tes,0.9972789115646259,0.0,0.0027210884353741495,0.0,0.0
alt,0.0005285412262156448,0.2758985200845666,0.7090380549682875,0.013213530655391121,0.001321353065539112
ieb,0.006527415143603133,0.21279373368146215,0.779373368146214,0.0,0.0013054830287206266
rde,0.011988716502115656,0.9880112834978844,0.0,0.0,0.0
fte,0.43509272467902993,0.5634807417974322,0.0,0.0,0.0014265335235378032
uto,0.017346938775510204,0.0,0.0,0.0,0.9826530612244898
ran,0.06521739130434782,0.4673913043478261,0.21739130434782608,0.0,0.25
rer,0.7593032462391133,0.2135128002111375,0.025336500395882817,0.0,0.0018474531538664556
tte,0.20121614151464898,0.7871752349364289,0.0,0.011608623548922056,0.0
urg,0.0,0.987012987012987,0.0,0.0,0.012987012987012988
olg,0.002607561929595828,0.3767926988265971,0.6205997392438071,0.0,0.0
mat,0.0,0.5089078233927188,0.48644461657629745,0.0,0.004647560030983733
zin,0.07017543859649122,0.2631578947368421,0.5964912280701754,0.0,0.07017543859649122
ben,0.8290346352247605,0.11790714812085483,0.05232129697862933,0.0,0.0007369196757553427
pie,0.009070294784580499,0.9841269841269841,0.0022675736961451248,0.0,0.0045351473922902496
atz,0.0008503401360544217,0.21456916099773243,0.7840136054421769,0.0,0.0005668934240362812
ate,0.21521175453759722,0.7705272255834054,0.0,0.0,0.014261019878997408
ühr,0.0,0.9471153846153846,0.052884615384615384,0.0,0.0
mrd,1.0,0.0,0.0,0.0,0.0
ein,0.013945119208277103,0.33063427800269907,0.6495726495726496,0.001799370220422852,0.004048582995951417
rpe,0.018867924528301886,0.9433962264150944,0.0,0.0,0.03773584905660377
äte,0.4006514657980456,0.5977198697068404,0.0016286644951140066,0.0,0.0
ase,0.016587677725118485,0.9739336492890995,0.0,0.0,0.009478672985781991
ise,0.16690042075736325,0.8243338008415148,0.0003506311360448808,0.0003506311360448808,0.008064516129032258
lde,0.3,0.6967741935483871,0.0,0.0032258064516129032,0.0
eug,0.0013137151865475565,0.2997898055701524,0.6975827640567525,0.0,0.0013137151865475565
ilm,0.0008084074373484236,0.22392886014551333,0.7744543249797898,0.0008084074373484236,0.0
ive,0.06611570247933884,0.9338842975206612,0.0,0.0,0.0
err,0.00558659217877095,0.9860335195530726,0.002793296089385475,0.00558659217877095,0.0
aße,0.007374631268436578,0.9926253687315634,0.0,0.0,0.0
ort,0.008146326467875806,0.5528742699047033,0.32093452197971106,0.05072241008300031,0.0673224715647095
are,0.44743589743589746,0.5416666666666666,0.000641025641025641,0.0,0.010256410256410256
lar,0.02857142857142857,0.32,0.6171428571428571,0.002857142857142857,0.03142857142857143
ene,0.4026884862653419,0.5908825248392753,0.0005844535359438924,0.0017533606078316774,0.004091174751607247
uge,0.06160287081339713,0.9383971291866029,0.0,0.0,0.0
tur,0.0,0.9319448518627164,0.03725432678204752,0.0,0.030800821355236138
ekt,0.0022219623435855455,0.27949947374576073,0.7169921646591042,0.0004677815460180096,0.0008186177055315168
hen,0.9840862422997947,0.011036960985626284,0.004106776180698152,0.0,0.0007700205338809035
eld,0.0021398002853067048,0.2888730385164051,0.0,0.7054208273894437,0.003566333808844508
let,0.003861003861003861,0.22972972972972974,0.003861003861003861,0.0,0.7625482625482626
nds,1.0,0.0,0.0,0.0,0.0
nii,1.0,0.0,0.0,0.0,0.0
ane,0.2946708463949843,0.6959247648902821,0.0,0.0,0.009404388714733543
rät,0.0004762660739799968,0.4189553897444039,0.5756469280838228,0.0,0.004921416097793301
inn,0.0007344840249724568,0.7499081894968784,0.24899008446566287,0.0003672420124862284,0.0
ann,0.01450381679389313,0.32748091603053436,0.03358778625954199,0.616793893129771,0.007633587786259542
mps,1.0,0.0,0.0,0.0,0.0
ame,0.0310122878876536,0.8654183733177296,0.0,0.0,0.10356933879461673
ieg,0.007614213197969543,0.4796954314720812,0.5126903553299492,0.0,0.0
uot,0.0,0.5068493150684932,0.4931506849315068,0.0,0.0
afe,0.015957446808510637,0.9627659574468085,0.0,0.0,0.02127659574468085
der,0.6609110947832476,0.30222875336762184,0.01824638746020083,0.008694587313250061,0.009919177075679648
paß,0.0,0.02247191011235955,0.9775280898876404,0.0,0.0
off,0.0045045045045045045,0.26226226226226224,0.7217217217217218,0.0,0.011511511511511512
toß,0.008695652173913044,0.3130434782608696,0.6782608695652174,0.0,0.0
ich,0.010472323145971362,0.5229749946569779,0.4565078008121393,0.007693951699081001,0.0023509296858303056
ard,0.013566739606126914,0.007439824945295405,0.000437636761487965,0.001312910284463895,0.9772428884026259
ott,0.056338028169014086,0.5727699530516432,0.14553990610328638,0.19248826291079812,0.03286384976525822
ook,0.9333333333333333,0.0,0.0,0.0,0.06666666666666667
pkw,1.0,0.0,0.0,0.0,0.0
rin,0.017761989342806393,0.9582593250444049,0.003552397868561279,0.0,0.020426287744227355
ihe,0.0053475935828877,0.9946524064171123,0.0,0.0,0.0
one,0.07287687334704672,0.9147810755215986,0.0,0.0,0.012342051131354687
ype,0.007741935483870968,0.9922580645161291,0.0,0.0,0.0
ete,0.64,0.35733333333333334,0.0,0.0013333333333333333,0.0013333333333333333
nze,0.0036231884057971015,0.9963768115942029,0.0,0.0,0.0
gel,0.2602926165362368,0.7298400816604287,0.00374276964954066,0.0,0.006124532153793808
nkt,0.0016451878256100905,0.27145599122566494,0.7268988209487249,0.0,0.0
rad,0.025477707006369428,0.18046709129511676,0.029723991507430998,0.45222929936305734,0.31210191082802546
mie,0.0,1.0,0.0,0.0,0.0
enk,0.0013054830287206266,0.17101827676240208,0.8211488250652742,0.0,0.006527415143603133
bot,0.003328894806924101,0.24167776298268975,0.6674434087882823,0.0013315579227696406,0.08621837549933423
akt,0.0034619188921859545,0.36350148367952523,0.6315529179030662,0.0004945598417408506,0.0009891196834817012
lik,0.0,0.2948717948717949,0.0,0.0,0.7051282051282052
est,0.0685823754789272,0.07662835249042145,0.10574712643678161,0.0026819923371647508,0.746360153256705
pft,0.0,0.6666666666666666,0.3333333333333333,0.0,0.0
eil,0.0010940919037199124,0.19948942377826404,0.798930221249696,0.0,0.0004862630683199611
hte,0.22643746295198577,0.7729697688203913,0.0005927682276229994,0.0,0.0
ufe,0.4645006016847172,0.5348977135980746,0.0006016847172081829,0.0,0.0
rbe,0.03462246777163904,0.965377532228361,0.0,0.0,0.0
ops,1.0,0.0,0.0,0.0,0.0
lug,0.0016835016835016834,0.04377104377104377,0.9461279461279462,0.0,0.008417508417508417
cts,1.0,0.0,0.0,0.0,0.0
nen,0.9634399667636061,0.027420024927295387,0.009140008309098464,0.0,0.0
pon,0.013333333333333334,0.0,0.22666666666666666,0.0,0.76
üße,0.6724137931034483,0.3103448275862069,0.0,0.0,0.017241379310344827
gie,0.00022011886418666079,0.99933964340744,0.0,0.0,0.00044023772837332157
fen,0.8342886920270974,0.15112037519541427,0.014069828035435123,0.0005211047420531526,0.0
ere,0.36348949919224555,0.6327409800753904,0.0,0.0,0.003769520732364028
ark,0.005076142131979695,0.2436548223350254,0.2715736040609137,0.0,0.4796954314720812
bin,0.021052631578947368,0.7157894736842105,0.2631578947368421,0.0,0.0
teß,0.0,0.0,1.0,0.0,0.0
omm,0.03333333333333333,0.9166666666666666,0.05,0.0,0.0
len,0.9866975130133024,0.006940427993059572,0.006072874493927126,0.0,0.0002891844997108155
per,0.7212885154061625,0.23109243697478993,0.022408963585434174,0.0,0.025210084033613446
vel,0.37209302325581395,0.1744186046511628,0.0,0.0,0.45348837209302323
und,0.020763187429854096,0.4783015338570894,0.4670781893004115,0.010475121586232696,0.023381967826412272
ule,0.02775290957923008,0.9713518352730528,0.0008952551477170994,0.0,0.0
ppe,0.0005309264666843643,0.9992036102999734,0.0,0.0,0.0002654632333421821
öße,0.13029661016949154,0.8697033898305084,0.0,0.0,0.0
iel,0.0016908552909680147,0.17401719036212485,0.8235874313090038,0.0,0.0007045230379033394
öme,0.7142857142857143,0.2857142857142857,0.0,0.0,0.0
gas,0.09722222222222222,0.3194444444444444,0.5694444444444444,0.0,0.013888888888888888
war,0.0015360983102918587,0.07450076804915515,0.9170506912442397,0.0,0.0069124423963133645
lge,0.05241935483870968,0.9475806451612904,0.0,0.0,0.0
art,0.004967709885742673,0.8261301539990065,0.11276701440635867,0.00024838549428713363,0.05588673621460507
mal,0.029411764705882353,0.16588235294117648,0.7976470588235294,0.004705882352941176,0.002352941176470588
ose,0.09779735682819383,0.9022026431718062,0.0,0.0,0.0
ech,0.05555555555555555,0.3194444444444444,0.2361111111111111,0.05555555555555555,0.3333333333333333
ies,0.9571230982019364,0.042876901798063624,0.0,0.0,0.0
tum,0.00024103355187042036,0.9979271114539144,0.0,0.0010605476282298497,0.0007713073659853452
auf,0.020294266869609334,0.0669710806697108,0.9112125824454591,0.0015220700152207,0.0
tei,0.0,0.9997308934337998,0.00026910656620021526,0.0,0.0
yse,0.0,1.0,0.0,0.0,0.0
lfe,0.0728476821192053,0.9271523178807947,0.0,0.0,0.0
nte,0.19042663891779396,0.8054110301768991,0.002428026361429067,0.001040582726326743,0.000693721817551162
aum,0.0035335689045936395,0.23069156991418477,0.7642604745078243,0.0,0.001514386673397274
rag,0.0008401596303297626,0.295526149968494,0.7027935307708465,0.0,0.0008401596303297626
ail,0.011247188202949263,0.0,0.00024993751562109475,0.0,0.9885028742814297
äuf,0.0,0.3273657289002558,0.670076726342711,0.0025575447570332483,0.0
röß,0.0,0.8493150684931506,0.1506849315068493,0.0,0.0
tig,0.013477088948787063,0.7762803234501348,0.1940700808625337,0.016172506738544475,0.0
maß,0.01,0.325,0.665,0.0,0.0
aph,0.0,1.0,0.0,0.0,0.0
ure,0.24028776978417266,0.42158273381294964,0.0,0.0,0.3381294964028777
ohl,0.06896551724137931,0.5977011494252874,0.3333333333333333,0.0,0.0
nse,0.09722222222222222,0.8981481481481481,0.0,0.0,0.004629629629629629
nor,0.9,0.1,0.0,0.0,0.0
ner,0.6648772243761806,0.3160353911919674,0.015806740232627497,0.0,0.003280644199224575
zes,0.01337295690936107,0.04011887072808321,0.9465081723625557,0.0,0.0
zeß,0.0,0.16842740718382132,0.830667069121642,0.0,0.0009055236945366737
lot,0.08869179600886919,0.5055432372505543,0.015521064301552107,0.0,0.3902439024390244
ank,0.005372217958557176,0.866462010744436,0.07981580966999233,0.0,0.04834996162701458
cko,0.11904761904761904,0.8809523809523809,0.0,0.0,0.0
bse,0.07017543859649122,0.9298245614035088,0.0,0.0,0.0
til,0.005825242718446602,0.38058252427184464,0.5980582524271845,0.001941747572815534,0.013592233009708738
ahn,0.0,0.6378132118451025,0.3621867881548975,0.0,0.0
orm,0.0012004801920768306,0.9899959983993597,0.006002400960384154,0.0,0.0028011204481792717
ems,0.7105263157894737,0.23684210526315788,0.05263157894736842,0.0,0.0
kel,0.6142638036809815,0.38266871165644173,0.0023006134969325155,0.0,0.0007668711656441718
ino,0.009216589861751152,0.0,0.0,0.0,0.9907834101382489
bio,0.6,0.2,0.0,0.0,0.2
app,0.3652647975077882,0.005451713395638629,0.0,0.000778816199376947,0.6285046728971962
son,0.004933255948926291,0.9825885084155542,0.0,0.0,0.012478235635519443
bex,1.0,0.0,0.0,0.0,0.0
bar,0.012371134020618556,0.4350515463917526,0.07835051546391752,0.024742268041237112,0.44948453608247424
ied,0.0003588087549336204,0.1740222461428059,0.25870111230714027,0.5665590240401865,0.0003588087549336204
fan,0.0,0.006201550387596899,0.0,0.0,0.993798449612403
isk,0.8181818181818182,0.18181818181818182,0.0,0.0,0.0
iff,0.0015290519877675841,0.22515290519877676,0.7672018348623854,0.0,0.0061162079510703364
uss,0.9736040609137055,0.01116751269035533,0.013197969543147208,0.0,0.0020304568527918783
mas,0.24271844660194175,0.02912621359223301,0.7281553398058253,0.0,0.0
ces,0.9936170212765958,0.0,0.0,0.0,0.006382978723404255
hop,0.08205128205128205,0.0,0.0,0.0,0.9179487179487179
uer,0.43167551907291163,0.5451472718493482,0.004828585224529213,0.0,0.01834862385321101
nto,0.02312925170068027,0.9360544217687075,0.0,0.0,0.04081632653061224
eed,0.012048192771084338,0.0,0.0,0.07228915662650602,0.9156626506024096
nie,0.026997041420118342,0.9685650887573964,0.0,0.0,0.004437869822485207
top,0.05084745762711865,0.0,0.00847457627118644,0.0,0.940677966101695
ang,0.005979760809567618,0.24425022999080037,0.734590616375345,0.0,0.01517939282428703
rkt,0.0026997840172786176,0.4659827213822894,0.5296976241900648,0.0,0.0016198704103671706
kte,0.638150289017341,0.35722543352601155,0.004624277456647399,0.0,0.0
ren,0.962838968865082,0.022430532306662202,0.013726146635420154,0.0,0.001004352192835621
äft,0.0,0.3726618705035971,0.6179856115107913,0.0,0.00935251798561151
uße,0.0,1.0,0.0,0.0,0.0
tar,0.024793388429752067,0.19090909090909092,0.5355371900826447,0.0,0.2487603305785124
nal,0.0064571674558760225,0.20921222557038313,0.7287989668532071,0.0017219113215669393,0.05380972879896685
our,0.018475750577367205,0.9099307159353349,0.07159353348729793,0.0,0.0
ill,0.008368200836820083,0.49372384937238495,0.08368200836820083,0.0,0.41422594142259417
zug,0.006872852233676976,0.15234822451317298,0.8407789232531501,0.0,0.0
axi,0.0,0.0,0.0,0.0,1.0
eca,1.0,0.0,0.0,0.0,0.0
mio,1.0,0.0,0.0,0.0,0.0
rum,0.008393285371702638,0.9496402877697842,0.0,0.0,0.04196642685851319
rzt,0.01358695652173913,0.296195652173913,0.6902173913043478,0.0,0.0
ack,0.01680672268907563,0.234093637454982,0.07322929171668667,0.009603841536614645,0.6662665066026411
how,0.2807017543859649,0.0,0.0,0.0,0.7192982456140351
hne,0.259765625,0.73828125,0.001953125,0.0,0.0
lon,0.02631578947368421,0.5526315789473685,0.013157894736842105,0.0,0.40789473684210525
pfe,0.5675675675675675,0.43243243243243246,0.0,0.0,0.0
ine,0.19089642359498374,0.7561542034370645,0.0,0.0,0.05294937296795169
ett,0.0024875621890547263,0.8258706467661692,0.14676616915422885,0.008706467661691543,0.01616915422885572
oto,0.00881488736532811,0.0,0.0,0.0,0.9911851126346719
ior,0.10891089108910891,0.8712871287128713,0.0,0.0,0.019801980198019802
urs,0.023014959723820484,0.2094361334867664,0.766398158803222,0.0,0.0011507479861910242
ätt,0.0,0.9014084507042254,0.09154929577464789,0.007042253521126761,0.0
sum,0.02564102564102564,0.9487179487179487,0.0,0.0,0.02564102564102564
ift,0.0,0.9365942028985508,0.059178743961352656,0.0,0.004227053140096618
aus,0.028606965174129355,0.26741293532338306,0.06716417910447761,0.6355721393034826,0.0012437810945273632
eig,0.0021810250817884407,0.7709923664122137,0.2257360959651036,0.0010905125408942203,0.0
sor,0.005805515239477504,0.9840348330914369,0.005805515239477504,0.0,0.0043541364296081275
ell,0.005162030398623459,0.5273874390593634,0.4577000286779467,0.004875250932033267,0.004875250932033267
ron,0.09655172413793103,0.7103448275862069,0.020689655172413793,0.0,0.1724137931034483
ige,0.31209899175068745,0.6814848762603116,0.0009165902841429881,0.00229147571035747,0.0032080659945004585
deo,0.0012760527435133986,0.0,0.0,0.0,0.9987239472564866
end,0.00772626931567329,0.27240618101545255,0.35960264900662253,0.0717439293598234,0.28852097130242826
aar,0.013398294762484775,0.21559074299634592,0.7697929354445798,0.0,0.001218026796589525
oin,0.02072538860103627,0.0,0.0,0.0,0.9792746113989638
ele,0.3003992015968064,0.6996007984031936,0.0,0.0,0.0
ome,0.3618421052631579,0.5921052631578947,0.0,0.0,0.046052631578947366
weg,0.011088011088011088,0.1496881496881497,0.8392238392238393,0.0,0.0
amm,0.0028585040495474035,0.2563125297760839,0.7365412101000477,0.0,0.004287756074321105
änd,0.0,0.2575,0.49625,0.24625,0.0
ale,0.2615535889872173,0.7364798426745329,0.0,0.0,0.0019665683382497543
ngs,1.0,0.0,0.0,0.0,0.0
iss,0.03690036900369004,0.6863468634686347,0.2730627306273063,0.0,0.0036900369003690036
ema,0.003630496167809601,0.9959661153691004,0.0,0.0,0.0004033884630899556
cca,1.0,0.0,0.0,0.0,0.0
äng,0.0,0.5228645383951682,0.4685073339085418,0.005176876617773943,0.003451251078515962
sen,0.9463487332339792,0.01987083954297069,0.030799801291604572,0.0004967709885742673,0.0024838549428713363
ess,0.45103092783505155,0.4845360824742268,0.05670103092783505,0.005154639175257732,0.002577319587628866
ild,0.006436233611442193,0.2166865315852205,0.0100119189511323,0.7563766388557807,0.010488676996424315
ond,0.049586776859504134,0.09917355371900827,0.04132231404958678,0.19008264462809918,0.6198347107438017
läd,0.0,1.0,0.0,0.0,0.0
tat,0.0036968576709796672,0.6848428835489834,0.3031423290203327,0.0,0.00831792975970425
üse,0.5609756097560976,0.43902439024390244,0.0,0.0,0.0
hd,1.0,0.0,0.0,0.0,0.0
yle,0.7182320441988951,0.06077348066298342,0.0055248618784530384,0.0,0.2154696132596685
lip,0.0,0.0,0.0,0.0,1.0
ipe,0.12244897959183673,0.7142857142857143,0.0,0.0,0.16326530612244897
ope,0.05592105263157895,0.9210526315789473,0.0,0.0,0.023026315789473683
ade,0.11015736766809728,0.8698140200286123,0.0,0.0,0.020028612303290415
ant,0.007101792357118702,0.6993574568819749,0.039905309435238415,0.002029083530605343,0.2516063577950626
iet,0.0035629453681710215,0.5498812351543944,0.43705463182897863,0.00831353919239905,0.0011876484560570072
elt,0.011214953271028037,0.7775700934579439,0.12897196261682242,0.06728971962616823,0.014953271028037384
rce,0.0026595744680851063,0.9964539007092199,0.0,0.0,0.0008865248226950354
pur,0.005361930294906166,0.9946380697050938,0.0,0.0,0.0
dee,0.0018608113137327876,0.9981391886862672,0.0,0.0,0.0
mög,0.0,1.0,0.0,0.0,0.0
ürz,0.0,0.35,0.65,0.0,0.0
leg,0.03638644918444166,0.5169385194479298,0.4454203262233375,0.0,0.0012547051442910915
kin,0.0,0.08333333333333333,0.0,0.0,0.9166666666666666
ief,0.0,0.14285714285714285,0.5668202764976958,0.0,0.2903225806451613
eie,0.00881488736532811,0.9911851126346719,0.0,0.0,0.0
erv,0.006349206349206349,0.946031746031746,0.0,0.047619047619047616,0.0
ins,0.391304347826087,0.6066252587991718,0.002070393374741201,0.0,0.0
nst,0.04832509610104338,0.26112026359143325,0.6889071938495333,0.0008237232289950577,0.0008237232289950577
nit,0.6716417910447762,0.07462686567164178,0.014925373134328358,0.0,0.23880597014925373
all,0.006434630008774495,0.6387832699619772,0.33664814273179294,0.0,0.018133957297455396
hee,0.05263157894736842,0.23684210526315788,0.0,0.0,0.7105263157894737
ono,0.011299435028248588,0.01694915254237288,0.0,0.0,0.9717514124293786
tis,0.5533980582524272,0.13592233009708737,0.3106796116504854,0.0,0.0
unk,0.2413793103448276,0.13793103448275862,0.10344827586206896,0.0,0.5172413793103449
oka,0.0,1.0,0.0,0.0,0.0
tok,0.11363636363636363,0.8863636363636364,0.0,0.0,0.0
sit,0.0,0.01982079826228618,0.6524572359489547,0.0,0.3277219657887592
tür,0.038876889848812095,0.9524838012958964,0.008639308855291577,0.0,0.0
ahm,0.003780718336483932,0.994328922495274,0.001890359168241966,0.0,0.0
tan,0.043209876543209874,0.6851851851851852,0.2222222222222222,0.0,0.04938271604938271
hex,0.3333333333333333,0.0,0.6666666666666666,0.0,0.0
lbe,0.03757225433526012,0.9624277456647399,0.0,0.0,0.0
ind,0.00343811394891945,0.2600687622789784,0.05525540275049116,0.6805009823182712,0.0007367387033398821
dys,1.0,0.0,0.0,0.0,0.0
olk,0.025,0.4625,0.0,0.5125,0.0
dll,0.6666666666666666,0.0,0.0,0.0,0.3333333333333333
hit,0.025,0.025,0.05,0.0,0.9
ruf,0.005625879043600563,0.1617440225035162,0.8326300984528833,0.0,0.0
den,0.7351337958374629,0.2591674925668979,0.003468780971258672,0.0009910802775024777,0.001238850346878097
del,0.1,0.7303571428571428,0.01607142857142857,0.0,0.15357142857142858
din,0.0842911877394636,0.8888888888888888,0.022988505747126436,0.0,0.0038314176245210726
nik,0.0030165912518853697,0.9939668174962293,0.0,0.0030165912518853697,0.0
eur,0.006324110671936759,0.25375494071146243,0.7351778656126482,0.0,0.0047430830039525695
nes,0.916058394160584,0.0072992700729927005,0.07664233576642336,0.0,0.0
gns,1.0,0.0,0.0,0.0,0.0
pen,0.9805825242718447,0.003236245954692557,0.012944983818770227,0.0,0.003236245954692557
loh,0.0,0.19230769230769232,0.8076923076923077,0.0,0.0
hse,0.5121107266435986,0.48788927335640137,0.0,0.0,0.0
uhn,0.0,0.9,0.0,0.1,0.0
mol,0.0,1.0,0.0,0.0,0.0
äch,0.0007173601147776184,0.27259684361549497,0.7216642754662841,0.00430416068866571,0.0007173601147776184
nne,0.04946727549467275,0.9497716894977168,0.0,0.00076103500761035,0.0
nke,0.1178343949044586,0.8805732484076433,0.0007961783439490446,0.0,0.0007961783439490446
vin,0.8125,0.125,0.0,0.0,0.0625
ske,0.02242152466367713,0.9775784753363229,0.0,0.0,0.0
dis,0.9473684210526315,0.017543859649122806,0.03508771929824561,0.0,0.0
ühl,0.002109704641350211,0.2109704641350211,0.7869198312236287,0.0,0.0
ink,0.0015455950540958269,0.02627511591962906,0.04327666151468315,0.0,0.9289026275115919
hlg,0.0,0.25,0.75,0.0,0.0
hde,0.9787234042553191,0.02127659574468085,0.0,0.0,0.0
ami,0.02531645569620253,0.06329113924050633,0.0,0.0,0.9113924050632911
axy,1.0,0.0,0.0,0.0,0.0
ick,0.003478933127174333,0.06803247004252029,0.5110166215693854,0.0,0.41747197526092
ebe,0.07840616966580977,0.9190231362467867,0.0,0.0,0.002570694087403599
bub,0.0,1.0,0.0,0.0,0.0
uma,0.024,0.968,0.0,0.0,0.008
wie,0.8666666666666667,0.13333333333333333,0.0,0.0,0.0
hin,0.006944444444444444,0.8912037037037037,0.09953703703703703,0.0,0.0023148148148148147
ört,0.0,0.7777777777777778,0.0,0.16666666666666666,0.05555555555555555
ode,0.0033285782215882074,0.9457917261055635,0.0,0.0,0.050879695672848314
hle,0.12687427912341406,0.8731257208765859,0.0,0.0,0.0
oot,0.047619047619047616,0.3076923076923077,0.5860805860805861,0.007326007326007326,0.05128205128205128
net,0.0948905109489051,0.4306569343065693,0.17153284671532848,0.0036496350364963502,0.29927007299270075
urf,0.0,0.06179775280898876,0.9382022471910112,0.0,0.0
rfe,0.6388888888888888,0.3611111111111111,0.0,0.0,0.0
ien,0.8922967189728959,0.0877318116975749,0.008559201141226819,0.0,0.011412268188302425
aue,0.11235955056179775,0.8876404494382022,0.0,0.0,0.0
ton,0.006550218340611353,0.17685589519650655,0.38209606986899564,0.002183406113537118,0.43231441048034935
nce,0.05914870093974572,0.9203980099502488,0.0,0.0,0.02045328911000553
ege,0.07581875280394795,0.924181247196052,0.0,0.0,0.0
eme,0.10738255033557047,0.835091083413231,0.0019175455417066154,0.0,0.05560882070949185
ols,0.997275204359673,0.0,0.0,0.0,0.0027247956403269754
enü,0.015151515151515152,0.0,0.0,0.0,0.9848484848484849
köd,0.0,0.0,0.0,1.0,0.0
imm,0.0,0.6285714285714286,0.2571428571428571,0.05714285714285714,0.05714285714285714
üst,0.0,0.5957446808510638,0.3829787234042553,0.02127659574468085,0.0
wes,0.058823529411764705,0.9411764705882353,0.0,0.0,0.0
ume,0.31210191082802546,0.6539278131634819,0.0,0.0,0.03397027600849257
ese,0.060941828254847646,0.9321329639889196,0.0,0.0,0.006925207756232687
ept,0.002987303958177745,0.17251680358476476,0.8244958924570575,0.0,0.0
iko,0.000700770847932726,0.9985984583041345,0.0,0.0,0.000700770847932726
tze,0.5704109589041096,0.42904109589041095,0.0,0.0,0.000547945205479452
ibe,0.012084592145015106,0.9607250755287009,0.0,0.0,0.027190332326283987
oxx,1.0,0.0,0.0,0.0,0.0
box,0.4259927797833935,0.5595667870036101,0.0,0.007220216606498195,0.007220216606498195
ste,0.5571955719557196,0.44206642066420665,0.0007380073800738007,0.0,0.0
ilz,0.07692307692307693,0.3076923076923077,0.6153846153846154,0.0,0.0
nüs,0.26605504587155965,0.0,0.7339449541284404,0.0,0.0
zit,0.0,0.14814814814814814,0.8333333333333334,0.0,0.018518518518518517
ean,0.03205128205128205,0.01282051282051282,0.0,0.0,0.9551282051282052
obe,0.012422360248447204,0.9813664596273292,0.0,0.0,0.006211180124223602
eet,0.05045871559633028,0.04128440366972477,0.10091743119266056,0.0,0.8073394495412844
int,0.12162162162162163,0.04864864864864865,0.02972972972972973,0.0,0.8
fie,0.014598540145985401,0.8175182481751825,0.0,0.0,0.1678832116788321
alz,0.008547008547008548,0.8717948717948718,0.11965811965811966,0.0,0.0
rma,0.0,1.0,0.0,0.0,0.0
ole,0.24161073825503357,0.7583892617449665,0.0,0.0,0.0
ist,0.008181246066708621,0.8407803650094399,0.08307111390811832,0.022655758338577723,0.045311516677155446
ffe,0.19138276553106212,0.8086172344689379,0.0,0.0,0.0
zon,0.003861003861003861,0.918918918918919,0.05019305019305019,0.0,0.02702702702702703
hip,0.04716981132075472,0.0,0.0,0.0,0.9528301886792453
uen,0.9775280898876404,0.011235955056179775,0.011235955056179775,0.0,0.0
fel,0.6032285471537808,0.3933729821580289,0.0,0.0,0.0033984706881903144
etz,0.000970873786407767,0.4184466019417476,0.5766990291262136,0.0,0.003883495145631068
üro,0.002109704641350211,0.0,0.0,0.0,0.9978902953586498
urc,0.0,1.0,0.0,0.0,0.0
ral,0.05042016806722689,0.3865546218487395,0.5462184873949579,0.0,0.01680672268907563
erz,0.0011947431302270011,0.982078853046595,0.016726403823178016,0.0,0.0
rse,0.18903318903318903,0.810966810966811,0.0,0.0,0.0
oge,0.10074626865671642,0.8992537313432836,0.0,0.0,0.0
mid,0.09523809523809523,0.0,0.9047619047619048,0.0,0.0
erd,0.0,0.3076923076923077,0.5961538461538461,0.014423076923076924,0.08173076923076923
pis,1.0,0.0,0.0,0.0,0.0
ide,0.29086538461538464,0.6658653846153846,0.0,0.002403846153846154,0.040865384615384616
eut,0.013245033112582781,0.7483443708609272,0.23841059602649006,0.0,0.0
min,0.010914051841746248,0.22237380627557982,0.7121418826739427,0.0,0.054570259208731244
lie,0.0005431830526887561,0.9983704508419338,0.0,0.0,0.0010863661053775121
mpf,0.0,0.3447098976109215,0.6518771331058021,0.0034129692832764505,0.0
ofi,0.008928571428571428,0.0,0.0,0.0,0.9910714285714286
yst,0.01809954751131222,0.9592760180995475,0.013574660633484163,0.0,0.00904977375565611
med,0.0,0.6666666666666666,0.0,0.3333333333333333,0.0
rre,0.06493506493506493,0.935064935064935,0.0,0.0,0.0
ong,0.0,0.0,0.006369426751592357,0.0,0.9936305732484076
mma,0.0,0.9795918367346939,0.0,0.0,0.02040816326530612
dut,0.0,1.0,0.0,0.0,0.0
gur,0.002457002457002457,0.9926289926289926,0.004914004914004914,0.0,0.0
kum,0.125,0.625,0.0,0.0,0.25
log,0.030985915492957747,0.6028169014084507,0.21971830985915494,0.0,0.14647887323943662
luß,0.0,0.20278637770897834,0.7972136222910217,0.0,0.0
lub,0.012903225806451613,0.0,0.0,0.0,0.9870967741935484
äne,0.5232974910394266,0.4767025089605735,0.0,0.0,0.0
irt,0.2425,0.09,0.2175,0.0,0.45
rds,0.9973045822102425,0.0,0.0,0.0,0.0026954177897574125
car,0.0967741935483871,0.0,0.24193548387096775,0.0,0.6612903225806451
ipp,0.0022271714922048997,0.01002227171492205,0.0,0.0,0.987750556792873
fot,0.0,0.8148148148148148,0.18518518518518517,0.0,0.0
ach,0.01486988847583643,0.3903345724907063,0.29739776951672864,0.18587360594795538,0.11152416356877323
0er,0.42105263157894735,0.5789473684210527,0.0,0.0,0.0
bel,0.6143958868894601,0.3161953727506427,0.000856898029134533,0.000856898029134533,0.0676949443016281
rle,0.01834862385321101,0.981651376146789,0.0,0.0,0.0
nts,0.990990990990991,0.0,0.0,0.0,0.009009009009009009
gil,0.19101123595505617,0.033707865168539325,0.7415730337078652,0.033707865168539325,0.0
lag,0.000561324726354196,0.6404715127701375,0.3570025259612686,0.000561324726354196,0.0014033118158854898
ück,0.003131524008350731,0.32150313152400833,0.6691022964509394,0.0,0.006263048016701462
sel,0.28464163822525596,0.710580204778157,0.0027303754266211604,0.0,0.0020477815699658703
wer,0.30994152046783624,0.6081871345029239,0.011695906432748537,0.03508771929824561,0.03508771929824561
rge,0.058823529411764705,0.9401069518716577,0.0,0.0,0.0010695187165775401
huh,0.0,0.1185682326621924,0.8791946308724832,0.0,0.0022371364653243847
azi,0.08536585365853659,0.024390243902439025,0.0,0.0,0.8902439024390244
där,0.0,0.4117647058823529,0.5882352941176471,0.0,0.0
tön,0.0,0.6702508960573477,0.32974910394265233,0.0,0.0
räd,0.0,0.04487179487179487,0.0,0.9551282051282052,0.0
eid,0.010256410256410256,0.26666666666666666,0.08717948717948718,0.6307692307692307,0.005128205128205128
mme,0.1548791405550582,0.8433303491495077,0.0,0.0,0.0017905102954341987
ime,0.7891566265060241,0.16265060240963855,0.0,0.0,0.04819277108433735
thm,0.0,1.0,0.0,0.0,0.0
ow,0.0,1.0,0.0,0.0,0.0
ynn,1.0,0.0,0.0,0.0,0.0
ehl,0.00398406374501992,0.2549800796812749,0.7330677290836654,0.00796812749003984,0.0
dow,1.0,0.0,0.0,0.0,0.0
ras,0.5362318840579711,0.028985507246376812,0.2246376811594203,0.2028985507246377,0.007246376811594203
anz,0.003061224489795918,0.9908163265306122,0.006122448979591836,0.0,0.0
ave,0.0784313725490196,0.9215686274509803,0.0,0.0,0.0
irm,0.009009009009009009,0.2927927927927928,0.6936936936936937,0.0045045045045045045,0.0
och,0.023411371237458192,0.3311036789297659,0.11705685618729098,0.48494983277591974,0.043478260869565216
xel,0.15625,0.8229166666666666,0.0,0.0,0.020833333333333332
res,0.48869565217391303,0.008695652173913044,0.5026086956521739,0.0,0.0
elm,0.0,0.13793103448275862,0.8620689655172413,0.0,0.0
höh,0.0,0.967741935483871,0.0,0.03225806451612903,0.0
efe,0.25555555555555554,0.7444444444444445,0.0,0.0,0.0
sts,1.0,0.0,0.0,0.0,0.0
oks,1.0,0.0,0.0,0.0,0.0
ree,0.0,0.9784172661870504,0.0,0.0,0.02158273381294964
ont,0.005067567567567568,0.8327702702702703,0.037162162162162164,0.0,0.125
öhe,0.06329113924050633,0.9367088607594937,0.0,0.0,0.0
ver,0.6010362694300518,0.3853626943005181,0.0025906735751295338,0.0012953367875647669,0.009715025906735751
wag,0.0,0.9802513464991023,0.019748653500897665,0.0,0.0
tik,0.0,0.9989035087719298,0.0,0.0,0.0010964912280701754
aut,0.4369747899159664,0.5126050420168067,0.037815126050420166,0.004201680672268907,0.008403361344537815
uid,0.09375,0.0,0.03125,0.0,0.875
bär,0.022727272727272728,0.9772727272727273,0.0,0.0,0.0
rös,0.0,0.03571428571428571,0.9464285714285714,0.017857142857142856,0.0
ore,0.30726256983240224,0.6675977653631285,0.0,0.0,0.025139664804469275
ntr,0.007194244604316547,0.9892086330935251,0.0,0.0,0.0035971223021582736
züg,0.0,0.9873417721518988,0.012658227848101266,0.0,0.0
mbe,0.0,1.0,0.0,0.0,0.0
tie,0.011506276150627616,0.946652719665272,0.0,0.0,0.04184100418410042
fos,0.9969135802469136,0.0030864197530864196,0.0,0.0,0.0
los,0.5585585585585585,0.3783783783783784,0.02702702702702703,0.02702702702702703,0.009009009009009009
opp,0.012195121951219513,0.012195121951219513,0.0,0.0,0.975609756097561
ork,0.05069124423963134,0.11059907834101383,0.0,0.0,0.8387096774193549
oud,0.9753810082063306,0.0,0.0,0.0,0.0246189917936694
ayd,0.0,0.6,0.0,0.4,0.0
uro,0.8984771573604061,0.005076142131979695,0.0,0.0,0.09644670050761421
rüf,0.0,1.0,0.0,0.0,0.0
uum,0.018867924528301886,0.9811320754716981,0.0,0.0,0.0
eer,0.017421602787456445,0.5156794425087108,0.3693379790940767,0.0,0.0975609756097561
gei,0.07692307692307693,0.8461538461538461,0.07692307692307693,0.0,0.0
oxe,0.0,0.984375,0.0,0.0,0.015625
öge,0.06521739130434782,0.9347826086956522,0.0,0.0,0.0
dgr,0.0,1.0,0.0,0.0,0.0
boß,0.0,0.125,0.875,0.0,0.0
rze,0.18149466192170818,0.8149466192170819,0.0035587188612099642,0.0,0.0
näl,0.0,1.0,0.0,0.0,0.0
vie,0.8571428571428571,0.047619047619047616,0.0,0.0,0.09523809523809523
nko,0.0,0.9230769230769231,0.0,0.0,0.07692307692307693
fee,0.0,0.7,0.0,0.0,0.3
eiz,0.010362694300518135,0.23834196891191708,0.7512953367875648,0.0,0.0
kie,0.0,0.013559322033898305,0.0,0.0,0.9864406779661017
kur,0.0,0.5555555555555556,0.4444444444444444,0.0,0.0
rga,1.0,0.0,0.0,0.0,0.0
hnt,0.0,0.6717948717948717,0.3282051282051282,0.0,0.0
hof,0.009174311926605505,0.47706422018348627,0.47706422018348627,0.0,0.03669724770642202
ürm,0.0,0.35294117647058826,0.6470588235294118,0.0,0.0
itz,0.027624309392265192,0.5276243093922652,0.4447513812154696,0.0,0.0
ntu,1.0,0.0,0.0,0.0,0.0
kat,0.00487012987012987,0.2159090909090909,0.7678571428571429,0.0,0.011363636363636364
lin,0.002824858757062147,0.4717514124293785,0.3757062146892655,0.0,0.1497175141242938
äre,0.5733333333333334,0.4266666666666667,0.0,0.0,0.0
ohr,0.003076923076923077,0.7507692307692307,0.24615384615384617,0.0,0.0
-64,1.0,0.0,0.0,0.0,0.0
020,1.0,0.0,0.0,0.0,0.0
ass,0.1794871794871795,0.3333333333333333,0.26666666666666666,0.18974358974358974,0.03076923076923077
abo,0.5434782608695652,0.0,0.0,0.0,0.45652173913043476
fil,0.004615384615384616,0.08,0.9061538461538462,0.0,0.009230769230769232
nom,0.19444444444444445,0.75,0.041666666666666664,0.013888888888888888,0.0
rit,0.07868852459016394,0.8721311475409836,0.006557377049180328,0.0,0.04262295081967213
üss,0.0,0.9,0.1,0.0,0.0
zie,0.0,0.9166666666666666,0.0,0.0,0.08333333333333333
eln,0.9064587973273942,0.066815144766147,0.022271714922048998,0.0,0.004454342984409799
rst,0.08292682926829269,0.7804878048780488,0.13170731707317074,0.0,0.004878048780487805
ios,1.0,0.0,0.0,0.0,0.0
exe,0.6351351351351351,0.36486486486486486,0.0,0.0,0.0
cer,0.3063583815028902,0.6589595375722543,0.0,0.0,0.03468208092485549
dal,0.010309278350515464,0.36082474226804123,0.6288659793814433,0.0,0.0
out,0.08502024291497975,0.19838056680161945,0.044534412955465584,0.0,0.6720647773279352
uke,0.2,0.8,0.0,0.0,0.0
orf,0.00909090909090909,0.33636363636363636,0.0,0.6545454545454545,0.0
des,0.974025974025974,0.025974025974025976,0.0,0.0,0.0
erg,0.002061855670103093,0.5030927835051546,0.4845360824742268,0.002061855670103093,0.008247422680412371
aie,0.015384615384615385,0.9846153846153847,0.0,0.0,0.0
ogs,0.9940119760479041,0.0,0.0,0.0,0.005988023952095809
rve,0.0,0.9971428571428571,0.0,0.002857142857142857,0.0
ord,0.00463678516228748,0.03245749613601236,0.10510046367851623,0.03863987635239567,0.8191653786707882
ool,0.06825396825396825,0.004761904761904762,0.0015873015873015873,0.0015873015873015873,0.9238095238095239
äle,0.2774869109947644,0.7225130890052356,0.0,0.0,0.0
qet,0.0,0.0,0.0,0.0,1.0
bit,0.6954314720812182,0.005076142131979695,0.0,0.0,0.29949238578680204
ven,0.7469879518072289,0.2289156626506024,0.012048192771084338,0.0,0.012048192771084338
tuf,0.0,0.644808743169399,0.3551912568306011,0.0,0.0
ace,0.5068493150684932,0.0136986301369863,0.0,0.0,0.4794520547945205
eng,0.0,0.7395543175487466,0.2520891364902507,0.001392757660167131,0.006963788300835654
nar,0.0022935779816513763,0.4151376146788991,0.5711009174311926,0.0,0.011467889908256881
uhl,0.01639344262295082,0.21311475409836064,0.7622950819672131,0.0,0.00819672131147541
ost,0.004155844155844156,0.7605194805194805,0.006753246753246753,0.0015584415584415584,0.227012987012987
run,0.18181818181818182,0.8181818181818182,0.0,0.0,0.0
zip,0.031055900621118012,0.9658385093167702,0.0,0.0,0.003105590062111801
non,0.4878048780487805,0.24390243902439024,0.0975609756097561,0.0,0.17073170731707318
eat,0.0,0.0273972602739726,0.1095890410958904,0.0136986301369863,0.8493150684931506
bug,0.05405405405405406,0.0,0.02702702702702703,0.0,0.918918918918919
hod,0.019169329073482427,0.9744408945686901,0.0,0.0,0.006389776357827476
tiv,0.0,0.3629489603024575,0.5992438563327032,0.030245746691871456,0.007561436672967864
pad,0.7548387096774194,0.0,0.0,0.0,0.24516129032258063
gne,0.007478632478632479,0.9925213675213675,0.0,0.0,0.0
taß,0.0,0.0,1.0,0.0,0.0
gwe,0.0,1.0,0.0,0.0,0.0
ead,0.0045662100456621,0.0,0.0,0.2853881278538813,0.7100456621004566
rom,0.11290322580645161,0.3225806451612903,0.5591397849462365,0.0,0.005376344086021506
agn,0.0034904013961605585,0.9965095986038395,0.0,0.0,0.0
ita,0.09523809523809523,0.7142857142857143,0.0,0.0,0.19047619047619047
sol,0.0,0.29133858267716534,0.7086614173228346,0.0,0.0
era,0.08522727272727272,0.001893939393939394,0.0,0.0,0.9128787878787878
äll,0.0,0.31568228105906315,0.6843177189409368,0.0,0.0
mpy,1.0,0.0,0.0,0.0,0.0
nsi,0.0,1.0,0.0,0.0,0.0
sie,0.3333333333333333,0.6666666666666666,0.0,0.0,0.0
ups,1.0,0.0,0.0,0.0,0.0
erb,0.012121212121212121,0.4727272727272727,0.49696969696969695,0.0,0.01818181818181818
wil,1.0,0.0,0.0,0.0,0.0
rüß,0.0,0.0,1.0,0.0,0.0
anc,0.22580645161290322,0.7096774193548387,0.0,0.0,0.06451612903225806
ehr,0.16666666666666666,0.4444444444444444,0.3888888888888889,0.0,0.0
pel,0.43342776203966005,0.5127478753541076,0.0113314447592068,0.0,0.042492917847025496
rus,0.18604651162790697,0.8023255813953488,0.011627906976744186,0.0,0.0
pud,0.0,0.2857142857142857,0.0,0.7142857142857143,0.0
zen,0.9303964757709251,0.05462555066079295,0.014096916299559472,0.0,0.000881057268722467
uck,0.020618556701030927,0.11082474226804123,0.5824742268041238,0.015463917525773196,0.2706185567010309
aod,0.0,0.0,0.0,1.0,0.0
tal,0.05504587155963303,0.44036697247706424,0.46559633027522934,0.027522935779816515,0.011467889908256881
üch,0.0,0.2558139534883721,0.686046511627907,0.05813953488372093,0.0
uez,1.0,0.0,0.0,0.0,0.0
zei,0.14285714285714285,0.8571428571428571,0.0,0.0,0.0
lit,0.0625,0.8671875,0.0390625,0.0,0.03125
typ,0.016129032258064516,0.9818548387096774,0.0,0.0,0.0020161290322580645
met,0.2702702702702703,0.32432432432432434,0.0,0.10810810810810811,0.2972972972972973
mus,0.035398230088495575,0.9616519174041298,0.0029498525073746312,0.0,0.0
nks,1.0,0.0,0.0,0.0,0.0
but,0.014705882352941176,0.4632352941176471,0.5147058823529411,0.0,0.007352941176470588
sis,0.9583333333333334,0.041666666666666664,0.0,0.0,0.0
pol,0.16129032258064516,0.16129032258064516,0.6774193548387096,0.0,0.0
bus,0.05,0.24,0.71,0.0,0.0
äde,0.0,0.9968847352024922,0.0,0.003115264797507788,0.0
nve,0.0,0.0,0.0,1.0,0.0
änk,0.0,0.3081395348837209,0.689922480620155,0.0,0.001937984496124031
tos,1.0,0.0,0.0,0.0,0.0
bei,1.0,0.0,0.0,0.0,0.0
ews,1.0,0.0,0.0,0.0,0.0
erl,0.13333333333333333,0.5,0.36666666666666664,0.0,0.0
ald,0.004629629629629629,0.4166666666666667,0.0,0.5787037037037037,0.0
lze,0.5909090909090909,0.4090909090909091,0.0,0.0,0.0
eft,0.12,0.24,0.64,0.0,0.0
rys,1.0,0.0,0.0,0.0,0.0
ngo,0.6521739130434783,0.021739130434782608,0.0,0.0,0.32608695652173914
oob,0.5,0.0,0.0,0.0,0.5
opf,0.017412935323383085,0.3756218905472637,0.6069651741293532,0.0,0.0
fit,0.022556390977443608,0.03759398496240601,0.14285714285714285,0.0,0.7969924812030075
bst,0.033707865168539325,0.8764044943820225,0.0898876404494382,0.0,0.0
als,0.9767441860465116,0.011627906976744186,0.011627906976744186,0.0,0.0
gle,0.056179775280898875,0.011235955056179775,0.0,0.0,0.9325842696629213
ads,1.0,0.0,0.0,0.0,0.0
lio,0.014598540145985401,0.014598540145985401,0.0,0.0,0.9708029197080292
kes,1.0,0.0,0.0,0.0,0.0
kle,0.2328767123287671,0.7602739726027398,0.0,0.00684931506849315,0.0
bla,0.0,1.0,0.0,0.0,0.0
ehm,0.0,0.9981024667931688,0.0,0.0018975332068311196,0.0
not,0.0,0.7193675889328063,0.21739130434782608,0.0,0.06324110671936758
eos,1.0,0.0,0.0,0.0,0.0
roß,0.0,0.19186046511627908,0.7965116279069767,0.0,0.011627906976744186
enn,0.014534883720930232,0.9418604651162791,0.03197674418604651,0.005813953488372093,0.005813953488372093
eße,0.3958333333333333,0.6041666666666666,0.0,0.0,0.0
ama,0.04878048780487805,0.9512195121951219,0.0,0.0,0.0
get,0.03167420814479638,0.0022624434389140274,0.0,0.0,0.9660633484162896
pot,0.1680327868852459,0.004098360655737705,0.0,0.0,0.8278688524590164
laß,0.0,0.5163934426229508,0.4672131147540984,0.0,0.01639344262295082
nig,0.04195804195804196,0.4755244755244755,0.4755244755244755,0.0,0.006993006993006993
pyl,0.0,1.0,0.0,0.0,0.0
tre,0.03260869565217391,0.9347826086956522,0.0,0.0,0.03260869565217391
zzi,0.0,0.0,0.0,0.0,1.0
riß,0.0,0.0,1.0,0.0,0.0
räg,0.0,0.997920997920998,0.002079002079002079,0.0,0.0
lys,0.0,1.0,0.0,0.0,0.0
mon,0.07627118644067797,0.5084745762711864,0.3983050847457627,0.0,0.01694915254237288
dfs,1.0,0.0,0.0,0.0,0.0
löt,0.0,1.0,0.0,0.0,0.0
ili,0.04040404040404041,0.9191919191919192,0.0,0.0,0.04040404040404041
oad,0.054187192118226604,0.0,0.0,0.007389162561576354,0.9384236453201971
rig,0.0,0.7916666666666666,0.19166666666666668,0.008333333333333333,0.008333333333333333
903,1.0,0.0,0.0,0.0,0.0
tom,0.0069767441860465115,0.07209302325581396,0.9186046511627907,0.0,0.002325581395348837
lte,0.36184971098265895,0.6265895953757226,0.011560693641618497,0.0,0.0
aun,0.018518518518518517,0.9629629629629629,0.0,0.018518518518518517,0.0
füg,0.0,0.9874213836477987,0.012578616352201259,0.0,0.0
nut,0.0,0.72,0.02,0.0,0.26
hos,0.09333333333333334,0.84,0.06666666666666667,0.0,0.0
lke,0.05027932960893855,0.9497206703910615,0.0,0.0,0.0
kid,0.03125,0.0,0.0,0.0,0.96875
üge,0.4217687074829932,0.5782312925170068,0.0,0.0,0.0
urm,0.019230769230769232,0.07692307692307693,0.9038461538461539,0.0,0.0
job,0.00946372239747634,0.0,0.0,0.0,0.9905362776025236
fuß,0.06666666666666667,0.3404761904761905,0.5928571428571429,0.0,0.0
nnt,0.013513513513513514,0.7027027027027027,0.2702702702702703,0.0,0.013513513513513514
tin,0.026022304832713755,0.758364312267658,0.21189591078066913,0.0,0.0037174721189591076
ede,0.24705882352941178,0.7294117647058823,0.0,0.023529411764705882,0.0
rne,0.7108433734939759,0.2891566265060241,0.0,0.0,0.0
ski,0.9565217391304348,0.0,0.0,0.0,0.043478260869565216
fka,1.0,0.0,0.0,0.0,0.0
gst,0.0594059405940594,0.31683168316831684,0.6237623762376238,0.0,0.0
här,0.0,0.06832298136645963,0.9316770186335404,0.0,0.0
lär,0.0,0.25,0.5625,0.1875,0.0
arm,0.026455026455026454,0.2037037037037037,0.7645502645502645,0.0,0.005291005291005291
hal,0.024193548387096774,0.49193548387096775,0.3951612903225806,0.0,0.08870967741935484
nee,0.0,0.47619047619047616,0.0,0.0,0.5238095238095238
lat,0.014285714285714285,0.2,0.5214285714285715,0.0,0.2642857142857143
fon,0.0026666666666666666,0.488,0.5066666666666667,0.0,0.0026666666666666666
eim,0.045454545454545456,0.18181818181818182,0.7727272727272727,0.0,0.0
ils,0.989247311827957,0.0,0.010752688172043012,0.0,0.0
dit,0.002617801047120419,0.27225130890052357,0.5680628272251309,0.0,0.15706806282722513
hma,0.0,1.0,0.0,0.0,0.0
bby,0.0,0.0,0.0,0.0,1.0
xer,0.8709677419354839,0.12903225806451613,0.0,0.0,0.0
kan,0.0,0.5,0.29411764705882354,0.0,0.20588235294117646
vix,1.0,0.0,0.0,0.0,0.0
bud,0.0,0.2,0.0,0.0,0.8
lst,0.7898550724637681,0.18840579710144928,0.021739130434782608,0.0,0.0
iße,0.32608695652173914,0.6739130434782609,0.0,0.0,0.0
rme,0.1694915254237288,0.8115653040877367,0.0,0.0,0.018943170488534396
vds,1.0,0.0,0.0,0.0,0.0
ali,0.0,0.972972972972973,0.005405405405405406,0.0,0.021621621621621623
nft,0.012448132780082987,0.27800829875518673,0.7095435684647303,0.0,0.0
une,0.0703125,0.9296875,0.0,0.0,0.0
ket,0.011111111111111112,0.19401709401709402,0.1675213675213675,0.0017094017094017094,0.6256410256410256
lüg,0.0,0.9881656804733728,0.011834319526627219,0.0,0.0
ätz,0.0,0.6198630136986302,0.3801369863013699,0.0,0.0
tex,1.0,0.0,0.0,0.0,0.0
uni,0.14285714285714285,0.0,0.0,0.0,0.8571428571428571
käf,0.0,1.0,0.0,0.0,0.0
els,0.22448979591836735,0.7755102040816326,0.0,0.0,0.0
lne,0.8333333333333334,0.16666666666666666,0.0,0.0,0.0
tut,0.0,0.3181818181818182,0.6761363636363636,0.0,0.005681818181818182
tio,0.005089058524173028,0.9923664122137404,0.0,0.0,0.002544529262086514
pal,1.0,0.0,0.0,0.0,0.0
upt,0.0,0.2857142857142857,0.0,0.5714285714285714,0.14285714285714285
iis,0.0,1.0,0.0,0.0,0.0
x-2,1.0,0.0,0.0,0.0,0.0
ckt,0.03333333333333333,0.55,0.38333333333333336,0.03333333333333333,0.0
tet,0.014285714285714285,0.38571428571428573,0.5571428571428572,0.014285714285714285,0.02857142857142857
lüs,0.0,0.09937888198757763,0.9006211180124224,0.0,0.0
ndl,0.1111111111111111,0.4444444444444444,0.0,0.3333333333333333,0.1111111111111111
egt,0.5384615384615384,0.15384615384615385,0.3076923076923077,0.0,0.0
elg,0.0,1.0,0.0,0.0,0.0
uos,1.0,0.0,0.0,0.0,0.0
sst,0.3898305084745763,0.5550847457627118,0.0423728813559322,0.012711864406779662,0.0
ize,0.37777777777777777,0.5222222222222223,0.0,0.0,0.1
ipt,0.6336336336336337,0.06606606606606606,0.25075075075075076,0.0,0.04954954954954955
gte,0.8137254901960784,0.17647058823529413,0.0,0.0,0.00980392156862745
gpu,0.5714285714285714,0.0,0.0,0.0,0.42857142857142855
mel,0.09302325581395349,0.8744186046511628,0.027906976744186046,0.0,0.004651162790697674
ütz,0.011764705882352941,0.6,0.38823529411764707,0.0,0.0
pps,1.0,0.0,0.0,0.0,0.0
can,0.0,0.06896551724137931,0.0,0.0,0.9310344827586207
zel,0.06967213114754098,0.930327868852459,0.0,0.0,0.0
hon,0.06,0.17,0.05,0.0,0.72
pro,0.9459459459459459,0.0,0.0,0.0,0.05405405405405406
set,0.012761020881670533,0.0,0.0,0.0,0.9872389791183295
con,0.04316546762589928,0.12949640287769784,0.007194244604316547,0.0,0.8201438848920863
yer,0.23140495867768596,0.6528925619834711,0.0,0.0,0.11570247933884298
oße,0.21875,0.78125,0.0,0.0,0.0
bmi,1.0,0.0,0.0,0.0,0.0
ini,0.04054054054054054,0.9527027027027027,0.0,0.0,0.006756756756756757
nel,0.23577235772357724,0.13821138211382114,0.056910569105691054,0.0,0.5691056910569106
ght,0.052054794520547946,0.0,0.005479452054794521,0.0,0.9424657534246575
arz,0.25,0.5357142857142857,0.21428571428571427,0.0,0.0
umm,0.0,0.325,0.6,0.075,0.0
adi,0.09090909090909091,0.24242424242424243,0.0,0.0,0.6666666666666666
öck,0.0,0.427536231884058,0.572463768115942,0.0,0.0
ory,0.4027777777777778,0.0,0.0,0.0,0.5972222222222222
zid,0.07017543859649122,0.19298245614035087,0.7368421052631579,0.0,0.0
sdk,0.4117647058823529,0.0,0.0,0.0,0.5882352941176471
uit,0.05309734513274336,0.6106194690265486,0.26991150442477874,0.008849557522123894,0.05752212389380531
tey,1.0,0.0,0.0,0.0,0.0
oor,0.8648648648648649,0.02702702702702703,0.02702702702702703,0.0,0.08108108108108109
tvs,1.0,0.0,0.0,0.0,0.0
ari,0.0967741935483871,0.8225806451612904,0.0,0.0,0.08064516129032258
lig,0.0,0.84375,0.1484375,0.0,0.0078125
rdn,0.0,0.03827751196172249,0.0,0.9617224880382775,0.0
iti,0.0,0.0,0.029411764705882353,0.0,0.9705882352941176
nir,0.02702702702702703,0.0,0.0,0.0,0.972972972972973
lum,0.03614457831325301,0.8433734939759037,0.0,0.0,0.12048192771084337
ens,0.9565217391304348,0.043478260869565216,0.0,0.0,0.0
sti,0.9,0.05,0.0,0.0,0.05
rif,0.0,0.26229508196721313,0.7377049180327869,0.0,0.0
län,0.0,0.96875,0.03125,0.0,0.0
gut,0.0036363636363636364,0.2727272727272727,0.06545454545454546,0.6545454545454545,0.0036363636363636364
rio,0.0,0.8133333333333334,0.0,0.0,0.18666666666666668
heu,0.16666666666666666,0.3333333333333333,0.0,0.0,0.5
mpe,0.0024691358024691358,0.9975308641975309,0.0,0.0,0.0
uth,0.0,1.0,0.0,0.0,0.0
ike,0.013223140495867768,0.9504132231404959,0.0,0.0,0.03636363636363636
kut,0.0,1.0,0.0,0.0,0.0
pdf,0.06666666666666667,0.0,0.0,0.0,0.9333333333333333
cks,1.0,0.0,0.0,0.0,0.0
wds,1.0,0.0,0.0,0.0,0.0
ani,0.058823529411764705,0.9411764705882353,0.0,0.0,0.0
ask,0.015384615384615385,0.9692307692307692,0.015384615384615385,0.0,0.0
sin,0.07407407407407407,0.5925925925925926,0.24074074074074073,0.0,0.09259259259259259
ßen,0.9755102040816327,0.012244897959183673,0.012244897959183673,0.0,0.0
kal,0.012658227848101266,0.4936708860759494,0.4810126582278481,0.012658227848101266,0.0
abm,1.0,0.0,0.0,0.0,0.0
bos,0.8333333333333334,0.08333333333333333,0.08333333333333333,0.0,0.0
bat,0.7647058823529411,0.058823529411764705,0.1568627450980392,0.0,0.0196078431372549
pag,0.0,0.44642857142857145,0.017857142857142856,0.0,0.5357142857142857
pcs,1.0,0.0,0.0,0.0,0.0
lim,0.047619047619047616,0.23809523809523808,0.7142857142857143,0.0,0.0
new,0.0,0.0,0.0,0.0,1.0
cle,0.45454545454545453,0.09090909090909091,0.0,0.0,0.45454545454545453
ika,0.97,0.02,0.0,0.0,0.01
org,0.07142857142857142,0.7857142857142857,0.07142857142857142,0.05357142857142857,0.017857142857142856
ykl,0.0,1.0,0.0,0.0,0.0
üle,0.7222222222222222,0.2777777777777778,0.0,0.0,0.0
wen,0.8888888888888888,0.1111111111111111,0.0,0.0,0.0
ie-,1.0,0.0,0.0,0.0,0.0
huß,0.0,0.20754716981132076,0.7830188679245284,0.0,0.009433962264150943
päß,0.0,0.15,0.85,0.0,0.0
own,0.45454545454545453,0.09090909090909091,0.0,0.0,0.45454545454545453
bün,0.0,1.0,0.0,0.0,0.0
ano,0.0,0.5,0.0,0.0,0.5
gat,0.0,0.04838709677419355,0.7741935483870968,0.0,0.1774193548387097
ain,0.41878172588832485,0.025380710659898477,0.015228426395939087,0.005076142131979695,0.5355329949238579
rol,0.76,0.12,0.0,0.0,0.12
eke,0.019801980198019802,0.9801980198019802,0.0,0.0,0.0
üft,0.025210084033613446,0.4957983193277311,0.4789915966386555,0.0,0.0
oir,0.024691358024691357,0.0,0.07407407407407407,0.0,0.9012345679012346
hek,0.0,1.0,0.0,0.0,0.0
lch,0.09090909090909091,0.8545454545454545,0.03636363636363636,0.01818181818181818,0.0
lut,0.07894736842105263,0.8157894736842105,0.10526315789473684,0.0,0.0
xen,0.98,0.0,0.01,0.0,0.01
ays,1.0,0.0,0.0,0.0,0.0
tab,0.012244897959183673,0.00816326530612245,0.9551020408163265,0.0,0.024489795918367346
use,0.24556962025316456,0.7468354430379747,0.002531645569620253,0.0,0.005063291139240506
a92,1.0,0.0,0.0,0.0,0.0
pes,0.475,0.525,0.0,0.0,0.0
old,0.10256410256410256,0.02564102564102564,0.02564102564102564,0.7948717948717948,0.05128205128205128
bög,0.0,1.0,0.0,0.0,0.0
ros,0.8133333333333334,0.06666666666666667,0.09333333333333334,0.0,0.02666666666666667
unt,0.004149377593360996,0.024896265560165973,0.004149377593360996,0.004149377593360996,0.9626556016597511
ers,0.5714285714285714,0.03896103896103896,0.38961038961038963,0.0,0.0
ryz,0.0,1.0,0.0,0.0,0.0
sid,0.0,0.09090909090909091,0.18181818181818182,0.7272727272727273,0.0
ofe,0.0,1.0,0.0,0.0,0.0
eih,0.1724137931034483,0.8103448275862069,0.0,0.017241379310344827,0.0
üte,0.0975609756097561,0.9024390243902439,0.0,0.0,0.0
ock,0.019390581717451522,0.32409972299168976,0.407202216066482,0.0,0.24930747922437674
üne,0.25,0.75,0.0,0.0,0.0
hab,0.2903225806451613,0.6774193548387096,0.0,0.0,0.03225806451612903
irk,0.0,0.574468085106383,0.425531914893617,0.0,0.0
hor,0.2857142857142857,0.42857142857142855,0.14285714285714285,0.0,0.14285714285714285
aks,1.0,0.0,0.0,0.0,0.0
nam,0.0037735849056603774,0.8528301886792453,0.14339622641509434,0.0,0.0
bps,1.0,0.0,0.0,0.0,0.0
äud,0.0,0.9411764705882353,0.058823529411764705,0.0,0.0
ähe,0.045454545454545456,0.9545454545454546,0.0,0.0,0.0
onn,0.0,0.75,0.25,0.0,0.0
aug,0.0,0.7719298245614035,0.22807017543859648,0.0,0.0
ube,0.020710059171597635,0.9615384615384616,0.0,0.0,0.01775147928994083
rot,0.10344827586206896,0.20689655172413793,0.6896551724137931,0.0,0.0
ait,0.0,0.676923076923077,0.015384615384615385,0.0,0.3076923076923077
ull,0.1,0.8666666666666667,0.0,0.0,0.03333333333333333
öhl,0.0,0.3,0.7,0.0,0.0
biz,0.3333333333333333,0.6666666666666666,0.0,0.0,0.0
eib,0.017857142857142856,0.8392857142857143,0.10714285714285714,0.03571428571428571,0.0
ärk,0.0,0.1826086956521739,0.8173913043478261,0.0,0.0
qss,1.0,0.0,0.0,0.0,0.0
kör,0.3333333333333333,0.6666666666666666,0.0,0.0,0.0
pt-,1.0,0.0,0.0,0.0,0.0
aht,0.1875,0.25,0.5625,0.0,0.0
rei,0.034482758620689655,0.8827586206896552,0.06206896551724138,0.020689655172413793,0.0
oni,0.835820895522388,0.14925373134328357,0.0,0.0,0.014925373134328358
hie,0.0,0.921875,0.0,0.0,0.078125
igt,0.007042253521126761,0.852112676056338,0.13380281690140844,0.007042253521126761,0.0
äbe,0.2549019607843137,0.7450980392156863,0.0,0.0,0.0
lva,1.0,0.0,0.0,0.0,0.0
sik,0.0,1.0,0.0,0.0,0.0
sio,0.034482758620689655,0.9655172413793104,0.0,0.0,0.0
tgb,1.0,0.0,0.0,0.0,0.0
tup,0.9625,0.0,0.0,0.0,0.0375
x12,1.0,0.0,0.0,0.0,0.0
rud,0.09090909090909091,0.0,0.0,0.9090909090909091,0.0
eal,0.038461538461538464,0.11538461538461539,0.28205128205128205,0.00641025641025641,0.5576923076923077
sag,0.0,0.8258575197889182,0.158311345646438,0.0,0.0158311345646438
way,0.013513513513513514,0.0,0.0,0.0,0.9864864864864865
rft,0.0,0.9,0.1,0.0,0.0
lak,0.0,0.8857142857142857,0.0,0.0,0.11428571428571428
alk,0.20754716981132076,0.37735849056603776,0.0,0.0,0.41509433962264153
rik,0.0,0.9864559819413092,0.0,0.0,0.013544018058690745
ei,0.0,0.1267605633802817,0.0,0.8732394366197183,0.0
gar,0.0,0.7142857142857143,0.14285714285714285,0.0,0.14285714285714285
211,1.0,0.0,0.0,0.0,0.0
ldo,0.0,0.0,0.0,0.0,1.0
cso,1.0,0.0,0.0,0.0,0.0
low,0.02050113895216401,0.0,0.0,0.0,0.979498861047836
cal,0.06666666666666667,0.0,0.4888888888888889,0.0,0.4444444444444444
cco,1.0,0.0,0.0,0.0,0.0
ada,0.8461538461538461,0.07692307692307693,0.0,0.0,0.07692307692307693
een,0.6810810810810811,0.010810810810810811,0.005405405405405406,0.0,0.3027027027027027
mit,0.05084745762711865,0.1016949152542373,0.0,0.0,0.847457627118644
läg,0.0,1.0,0.0,0.0,0.0
fic,0.9811320754716981,0.0,0.0,0.0,0.018867924528301886
ürf,0.0,0.8928571428571429,0.10714285714285714,0.0,0.0
-on,0.08955223880597014,0.0,0.0,0.0,0.9104477611940298
oji,1.0,0.0,0.0,0.0,0.0
uhe,0.2619047619047619,0.7380952380952381,0.0,0.0,0.0
ves,1.0,0.0,0.0,0.0,0.0
115,1.0,0.0,0.0,0.0,0.0
axe,0.0,0.9473684210526315,0.0,0.0,0.05263157894736842
cod,0.0,0.0,0.011111111111111112,0.2,0.7888888888888889
rew,0.8166666666666667,0.0,0.0,0.0,0.18333333333333332
ids,1.0,0.0,0.0,0.0,0.0
adp,1.0,0.0,0.0,0.0,0.0
ian,0.0,0.13636363636363635,0.045454545454545456,0.0,0.8181818181818182
sat,0.07692307692307693,0.8461538461538461,0.038461538461538464,0.0,0.038461538461538464
nda,0.3333333333333333,0.4166666666666667,0.0,0.0,0.25
miß,0.0,0.03664921465968586,0.9633507853403142,0.0,0.0
-ep,1.0,0.0,0.0,0.0,0.0
pc,0.0,0.0,0.0,0.0,1.0
ohn,0.0,0.4251207729468599,0.5652173913043478,0.0,0.00966183574879227
-3d,1.0,0.0,0.0,0.0,0.0
arr,0.11363636363636363,0.8636363636363636,0.0,0.022727272727272728,0.0
uld,0.0,0.9823008849557522,0.0,0.008849557522123894,0.008849557522123894
ira,0.05555555555555555,0.7777777777777778,0.1111111111111111,0.0,0.05555555555555555
ero,0.03333333333333333,0.06666666666666667,0.0,0.0,0.9
28-,1.0,0.0,0.0,0.0,0.0
gde,0.15,0.85,0.0,0.0,0.0
öpf,0.0,0.27906976744186046,0.7209302325581395,0.0,0.0
tee,0.37037037037037035,0.35185185185185186,0.0,0.0,0.2777777777777778
kad,0.25,0.5,0.0,0.125,0.125
arg,0.0,0.9347826086956522,0.05434782608695652,0.010869565217391304,0.0
cd,0.0,0.0,0.0,0.0,1.0
iew,0.005390835579514825,0.0,0.0,0.0,0.9946091644204852
ams,1.0,0.0,0.0,0.0,0.0
öl,0.0,0.08759124087591241,0.9124087591240876,0.0,0.0
chi,0.125,0.775,0.0,0.0,0.1
rün,0.38095238095238093,0.47619047619047616,0.14285714285714285,0.0,0.0
nos,0.7037037037037037,0.2222222222222222,0.05555555555555555,0.0,0.018518518518518517
aws,1.0,0.0,0.0,0.0,0.0
ünd,0.0,0.21367521367521367,0.4700854700854701,0.3162393162393162,0.0
ocs,1.0,0.0,0.0,0.0,0.0
nym,0.0,0.25,0.75,0.0,0.0
bag,0.18518518518518517,0.0,0.0,0.0,0.8148148148148148
cen,1.0,0.0,0.0,0.0,0.0
eiß,0.6607142857142857,0.23214285714285715,0.08928571428571429,0.017857142857142856,0.0
uts,1.0,0.0,0.0,0.0,0.0
dia,0.75,0.03571428571428571,0.0,0.0,0.21428571428571427
ünz,0.0,1.0,0.0,0.0,0.0
vcd,0.0,0.0,0.0,0.0,1.0
vid,0.07936507936507936,0.015873015873015872,0.015873015873015872,0.8888888888888888,0.0
abl,0.0,0.8974358974358975,0.0,0.05128205128205128,0.05128205128205128
ble,0.2773109243697479,0.5630252100840336,0.0,0.0,0.15966386554621848
dip,0.1111111111111111,0.0,0.0,0.0,0.8888888888888888
öfe,0.21153846153846154,0.7884615384615384,0.0,0.0,0.0
ref,0.0,0.0,0.0,0.0,1.0
rut,0.018867924528301886,0.9433962264150944,0.03773584905660377,0.0,0.0
ogi,0.0,0.9938650306748467,0.006134969325153374,0.0,0.0
pwa,0.0,0.0,0.0,0.0,1.0
bnb,1.0,0.0,0.0,0.0,0.0
phe,0.024539877300613498,0.9754601226993865,0.0,0.0,0.0
har,0.03333333333333333,0.5333333333333333,0.36666666666666664,0.0,0.06666666666666667
d24,1.0,0.0,0.0,0.0,0.0
kyo,1.0,0.0,0.0,0.0,0.0
äge,0.1836734693877551,0.8163265306122449,0.0,0.0,0.0
pül,0.0,1.0,0.0,0.0,0.0
kus,0.9397590361445783,0.04819277108433735,0.012048192771084338,0.0,0.0
när,0.0033112582781456954,0.24503311258278146,0.7483443708609272,0.0033112582781456954,0.0
tfs,1.0,0.0,0.0,0.0,0.0
vat,0.0,0.2857142857142857,0.7023809523809523,0.0,0.011904761904761904
aps,1.0,0.0,0.0,0.0,0.0
ars,0.8235294117647058,0.11764705882352941,0.058823529411764705,0.0,0.0
pay,1.0,0.0,0.0,0.0,0.0
kül,0.0,0.53125,0.46875,0.0,0.0
bte,0.84,0.16,0.0,0.0,0.0
dte,0.4883720930232558,0.5058139534883721,0.0,0.005813953488372093,0.0
reß,0.0,0.0,0.9710144927536232,0.0,0.028985507246376812
ibl,0.0,1.0,0.0,0.0,0.0
its,1.0,0.0,0.0,0.0,0.0
bol,0.014388489208633094,0.05755395683453238,0.9280575539568345,0.0,0.0
afi,0.3333333333333333,0.6666666666666666,0.0,0.0,0.0
uls,0.009569377990430622,0.08133971291866028,0.9090909090909091,0.0,0.0
obs,1.0,0.0,0.0,0.0,0.0
raß,0.0,0.5,0.5,0.0,0.0
cor,0.0,0.0,0.0,0.0,1.0
olb,0.0,1.0,0.0,0.0,0.0
ove,0.12359550561797752,0.8539325842696629,0.0,0.02247191011235955,0.0
rüg,0.0,1.0,0.0,0.0,0.0
div,0.0,0.8823529411764706,0.058823529411764705,0.058823529411764705,0.0
iva,1.0,0.0,0.0,0.0,0.0
mbs,1.0,0.0,0.0,0.0,0.0
män,0.0,1.0,0.0,0.0,0.0
isa,0.8888888888888888,0.1111111111111111,0.0,0.0,0.0
laa,1.0,0.0,0.0,0.0,0.0
tüm,0.03333333333333333,0.2777777777777778,0.6888888888888889,0.0,0.0
rem,0.026239067055393587,0.0029154518950437317,0.9504373177842566,0.0,0.02040816326530612
see,0.01282051282051282,0.9615384615384616,0.0,0.0,0.02564102564102564
hik,0.0,1.0,0.0,0.0,0.0
äld,0.0,0.09259259259259259,0.7037037037037037,0.2037037037037037,0.0
las,0.06390977443609022,0.16541353383458646,0.42105263157894735,0.34962406015037595,0.0
key,0.8421052631578947,0.0,0.0,0.0,0.15789473684210525
rip,0.05172413793103448,0.0,0.0,0.0,0.9482758620689655
bie,0.03636363636363636,0.2545454545454545,0.0,0.0,0.7090909090909091
ndo,0.045454545454545456,0.0,0.0,0.0,0.9545454545454546
dro,0.0,0.0,0.0,0.0,1.0
lls,1.0,0.0,0.0,0.0,0.0
mil,0.0,0.07692307692307693,0.9230769230769231,0.0,0.0
kön,0.0,1.0,0.0,0.0,0.0
ias,0.782608695652174,0.0,0.21739130434782608,0.0,0.0
tps,1.0,0.0,0.0,0.0,0.0
aid,0.4,0.0,0.2,0.1,0.3
pin,0.11594202898550725,0.043478260869565216,0.043478260869565216,0.0,0.7971014492753623
sce,0.0,0.0,0.0,0.0,1.0
lme,0.3020833333333333,0.6875,0.010416666666666666,0.0,0.0
rnt,0.0,0.5909090909090909,0.4090909090909091,0.0,0.0
dar,0.46153846153846156,0.0,0.38461538461538464,0.0,0.15384615384615385
-in,0.1643835616438356,0.0,0.0,0.0,0.8356164383561644
0lt,1.0,0.0,0.0,0.0,0.0
ilo,0.1111111111111111,0.1111111111111111,0.0,0.0,0.7777777777777778
lli,0.6,0.13333333333333333,0.0,0.0,0.26666666666666666
arn,0.32608695652173914,0.21739130434782608,0.43478260869565216,0.0,0.021739130434782608
vpn,0.01282051282051282,0.0,0.0,0.0,0.9871794871794872
gor,0.0,1.0,0.0,0.0,0.0
ips,0.9848484848484849,0.015151515151515152,0.0,0.0,0.0
dik,1.0,0.0,0.0,0.0,0.0
rps,1.0,0.0,0.0,0.0,0.0
xus,0.9411764705882353,0.058823529411764705,0.0,0.0,0.0
önt,0.0,0.5,0.5,0.0,0.0
mex,1.0,0.0,0.0,0.0,0.0
ons,1.0,0.0,0.0,0.0,0.0
hem,0.012295081967213115,0.4672131147540984,0.5204918032786885,0.0,0.0
pet,0.0625,0.34375,0.14583333333333334,0.0,0.4479166666666667
iat,0.0,0.5263157894736842,0.15789473684210525,0.0,0.3157894736842105
sgb,1.0,0.0,0.0,0.0,0.0
ags,1.0,0.0,0.0,0.0,0.0
oki,0.8,0.0,0.0,0.0,0.2
r10,1.0,0.0,0.0,0.0,0.0
eif,0.0091324200913242,0.5981735159817352,0.3926940639269406,0.0,0.0
n10,1.0,0.0,0.0,0.0,0.0
sde,1.0,0.0,0.0,0.0,0.0
ogo,0.02459016393442623,0.0,0.0,0.0,0.9754098360655737
ubs,1.0,0.0,0.0,0.0,0.0
bis,0.9240506329113924,0.02531645569620253,0.05063291139240506,0.0,0.0
mis,0.42592592592592593,0.16666666666666666,0.4074074074074074,0.0,0.0
120,1.0,0.0,0.0,0.0,0.0
niß,0.0,0.045283018867924525,0.9547169811320755,0.0,0.0
neu,0.07407407407407407,0.37037037037037035,0.4074074074074074,0.1111111111111111,0.037037037037037035
es1,1.0,0.0,0.0,0.0,0.0
uxe,1.0,0.0,0.0,0.0,0.0
ärt,0.0,0.9054054054054054,0.013513513513513514,0.013513513513513514,0.06756756756756757
nti,0.16279069767441862,0.7906976744186046,0.0,0.0,0.046511627906976744
urz,0.0,0.7,0.3,0.0,0.0
lay,0.2099236641221374,0.0,0.0,0.0,0.7900763358778626
wür,0.0,0.2857142857142857,0.7142857142857143,0.0,0.0
ets,0.9753086419753086,0.0,0.0,0.0,0.024691358024691357
1er,1.0,0.0,0.0,0.0,0.0
ley,0.4,0.0,0.0,0.0,0.6
17p,1.0,0.0,0.0,0.0,0.0
fik,0.00702576112412178,0.9929742388758782,0.0,0.0,0.0
hmi,1.0,0.0,0.0,0.0,0.0
ddy,0.6666666666666666,0.0,0.0,0.0,0.3333333333333333
dio,0.2986425339366516,0.004524886877828055,0.0,0.0,0.6968325791855203
imk,0.0,1.0,0.0,0.0,0.0
pub,0.05263157894736842,0.0,0.0,0.0,0.9473684210526315
hom,0.0,0.0,1.0,0.0,0.0
gun,0.7857142857142857,0.14285714285714285,0.0,0.0,0.07142857142857142
ilf,0.0,0.8857142857142857,0.0,0.0,0.11428571428571428
lös,0.0,0.14444444444444443,0.8555555555555555,0.0,0.0
oso,0.5,0.5,0.0,0.0,0.0
öne,0.8368794326241135,0.16312056737588654,0.0,0.0,0.0
sme,0.0,1.0,0.0,0.0,0.0
da,0.0,0.0,0.0,0.0,1.0
ala,0.7272727272727273,0.0,0.0,0.0,0.2727272727272727
bog,0.0,1.0,0.0,0.0,0.0
amt,0.08333333333333333,0.5277777777777778,0.1388888888888889,0.25,0.0
isp,0.0,0.0,0.0,0.0,1.0
uis,0.24,0.08,0.64,0.04,0.0
aff,0.0,0.29333333333333333,0.7066666666666667,0.0,0.0
ses,1.0,0.0,0.0,0.0,0.0
ham,1.0,0.0,0.0,0.0,0.0
säg,0.0,1.0,0.0,0.0,0.0
hum,0.0,1.0,0.0,0.0,0.0
paz,0.0,1.0,0.0,0.0,0.0
gab,0.008928571428571428,0.9642857142857143,0.026785714285714284,0.0,0.0
twh,1.0,0.0,0.0,0.0,0.0
lko,0.0,0.5,0.0,0.0,0.5
yte,0.7338709677419355,0.056451612903225805,0.0,0.0,0.20967741935483872
lau,0.10526315789473684,0.5789473684210527,0.3157894736842105,0.0,0.0
üre,0.07407407407407407,0.9259259259259259,0.0,0.0,0.0
ähr,0.03571428571428571,0.25,0.7142857142857143,0.0,0.0
wei,0.6382978723404256,0.3617021276595745,0.0,0.0,0.0
yon,0.375,0.25,0.0,0.0,0.375
rch,0.25757575757575757,0.3333333333333333,0.36363636363636365,0.045454545454545456,0.0
tsd,0.9523809523809523,0.047619047619047616,0.0,0.0,0.0
agr,1.0,0.0,0.0,0.0,0.0
web,0.125,0.027777777777777776,0.8472222222222222,0.0,0.0
irn,0.0,0.5526315789473685,0.4473684210526316,0.0,0.0
wle,0.0,1.0,0.0,0.0,0.0
tue,0.021739130434782608,0.9782608695652174,0.0,0.0,0.0
oyd,0.0,1.0,0.0,0.0,0.0
abs,1.0,0.0,0.0,0.0,0.0
oop,0.0,0.0,0.0,0.0,1.0
öwe,0.0,1.0,0.0,0.0,0.0
xum,1.0,0.0,0.0,0.0,0.0
utz,0.06976744186046512,0.8372093023255814,0.05813953488372093,0.03488372093023256,0.0
aba,0.3333333333333333,0.6666666666666666,0.0,0.0,0.0
mot,0.02127659574468085,0.0851063829787234,0.7021276595744681,0.0,0.19148936170212766
äst,0.0,0.7,0.3,0.0,0.0
kup,1.0,0.0,0.0,0.0,0.0
bau,0.015748031496062992,0.968503937007874,0.015748031496062992,0.0,0.0
cad,1.0,0.0,0.0,0.0,0.0
try,0.9,0.0,0.0,0.0,0.1
jet,0.17647058823529413,0.0,0.011764705882352941,0.0,0.8117647058823529
nre,0.0,0.0,0.0,0.0,1.0
por,0.0,0.9864864864864865,0.013513513513513514,0.0,0.0
egs,1.0,0.0,0.0,0.0,0.0
lüß,0.0,0.0,1.0,0.0,0.0
röm,0.0,0.25,0.75,0.0,0.0
brf,1.0,0.0,0.0,0.0,0.0
pto,0.4766355140186916,0.0,0.0,0.0,0.5233644859813084
cam,0.7720588235294118,0.0,0.0,0.0,0.22794117647058823
äck,0.6231884057971014,0.15942028985507245,0.21739130434782608,0.0,0.0
vir,0.016129032258064516,0.9838709677419355,0.0,0.0,0.0
mde,0.27692307692307694,0.7076923076923077,0.0,0.0,0.015384615384615385
tun,0.6,0.2,0.0,0.0,0.2
rdo,0.6666666666666666,0.0,0.0,0.0,0.3333333333333333
mhz,1.0,0.0,0.0,0.0,0.0
yom,0.0,0.125,0.875,0.0,0.0
alb,0.08333333333333333,0.6666666666666666,0.25,0.0,0.0
ogg,0.0,1.0,0.0,0.0,0.0
yen,0.7142857142857143,0.0,0.0,0.0,0.2857142857142857
bäs,0.0,0.0,1.0,0.0,0.0
örd,0.0,0.9074074074074074,0.037037037037037035,0.05555555555555555,0.0
430,1.0,0.0,0.0,0.0,0.0
kos,0.19230769230769232,0.23076923076923078,0.5769230769230769,0.0,0.0
sam,0.038461538461538464,0.8076923076923077,0.07692307692307693,0.038461538461538464,0.038461538461538464
nek,0.0,1.0,0.0,0.0,0.0
mak,0.2,0.2,0.0,0.0,0.6
eys,1.0,0.0,0.0,0.0,0.0
ism,0.02127659574468085,0.9787234042553191,0.0,0.0,0.0
iös,0.0,0.2,0.4,0.4,0.0
hef,0.0,0.00909090909090909,0.23636363636363636,0.0,0.7545454545454545
ütt,0.0,0.9423076923076923,0.057692307692307696,0.0,0.0
hmo,0.0,1.0,0.0,0.0,0.0
dng,0.0,0.0,0.0,0.0,1.0
d19,1.0,0.0,0.0,0.0,0.0
äer,0.8360655737704918,0.16393442622950818,0.0,0.0,0.0
ply,1.0,0.0,0.0,0.0,0.0
örs,0.0,0.29591836734693877,0.7040816326530612,0.0,0.0
oma,0.11650485436893204,0.8737864077669902,0.0,0.0,0.009708737864077669
mst,0.2,0.6,0.2,0.0,0.0
-30,1.0,0.0,0.0,0.0,0.0
nk-,1.0,0.0,0.0,0.0,0.0
dul,0.0,0.9074074074074074,0.07407407407407407,0.0,0.018518518518518517
ndy,0.4,0.0,0.0,0.0,0.6
dos,0.7407407407407407,0.2037037037037037,0.05555555555555555,0.0,0.0
rtl,0.3333333333333333,0.0,0.0,0.6666666666666666,0.0
oss,0.0625,0.9375,0.0,0.0,0.0
hil,0.0,0.0,1.0,0.0,0.0
urt,0.0,0.5098039215686274,0.39215686274509803,0.0,0.09803921568627451
hot,0.006711409395973154,0.08053691275167785,0.013422818791946308,0.0,0.8993288590604027
gan,0.0273972602739726,0.5068493150684932,0.1643835616438356,0.0,0.3013698630136986
wii,1.0,0.0,0.0,0.0,0.0
rda,0.0,0.6666666666666666,0.0,0.0,0.3333333333333333
eko,0.6666666666666666,0.3333333333333333,0.0,0.0,0.0
dle,0.8170731707317073,0.0,0.0,0.0,0.18292682926829268
aß,0.0,0.0,0.0,0.0,1.0
lex,0.07575757575757576,0.045454545454545456,0.8787878787878788,0.0,0.0
pat,0.03125,0.1875,0.59375,0.0,0.1875
fap,1.0,0.0,0.0,0.0,0.0
kit,0.12195121951219512,0.0,0.0,0.0,0.8780487804878049
egi,0.0,1.0,0.0,0.0,0.0
izt,0.0,1.0,0.0,0.0,0.0
tau,0.06818181818181818,0.13636363636363635,0.022727272727272728,0.0,0.7727272727272727
say,0.11538461538461539,0.0,0.0,0.0,0.8846153846153846
fis,1.0,0.0,0.0,0.0,0.0
fed,0.08333333333333333,0.16666666666666666,0.0,0.75,0.0
gig,0.08823529411764706,0.7352941176470589,0.08823529411764706,0.0,0.08823529411764706
ara,0.6875,0.0,0.0,0.0,0.3125
öde,0.0,1.0,0.0,0.0,0.0
aag,0.0,1.0,0.0,0.0,0.0
lpe,0.019801980198019802,0.9702970297029703,0.0,0.0,0.009900990099009901
chn,0.015625,0.953125,0.015625,0.015625,0.0
wck,0.0,0.0,1.0,0.0,0.0
sko,0.09090909090909091,0.9090909090909091,0.0,0.0,0.0
osn,0.0,1.0,0.0,0.0,0.0
en2,1.0,0.0,0.0,0.0,0.0
opä,1.0,0.0,0.0,0.0,0.0
ots,0.9746835443037974,0.02531645569620253,0.0,0.0,0.0
suv,1.0,0.0,0.0,0.0,0.0
es3,1.0,0.0,0.0,0.0,0.0
lga,0.5,0.5,0.0,0.0,0.0
hör,0.0,0.7083333333333334,0.125,0.16666666666666666,0.0
man,0.104,0.264,0.608,0.0,0.024
vot,0.4,0.0,0.2,0.0,0.4
nly,1.0,0.0,0.0,0.0,0.0
mys,1.0,0.0,0.0,0.0,0.0
uga,1.0,0.0,0.0,0.0,0.0
oos,1.0,0.0,0.0,0.0,0.0
hts,1.0,0.0,0.0,0.0,0.0
säl,0.0,1.0,0.0,0.0,0.0
puß,0.0,0.0,1.0,0.0,0.0
uem,0.0,0.5384615384615384,0.46153846153846156,0.0,0.0
lüt,0.0,0.8870967741935484,0.11290322580645161,0.0,0.0
fin,0.2571428571428571,0.22857142857142856,0.0,0.0,0.5142857142857142
rli,0.0,0.0,0.0,0.0,1.0
pul,0.0,0.9230769230769231,0.0,0.0,0.07692307692307693
val,0.02,0.04,0.03,0.0,0.91
ray,0.2,0.0,0.0,0.0,0.8
sod,0.0,1.0,0.0,0.0,0.0
seh,0.0,0.9516129032258065,0.0,0.04838709677419355,0.0
iba,0.875,0.125,0.0,0.0,0.0
gal,0.02654867256637168,0.5309734513274337,0.4336283185840708,0.0,0.008849557522123894
ehe,0.024242424242424242,0.9757575757575757,0.0,0.0,0.0
ühe,0.22807017543859648,0.7719298245614035,0.0,0.0,0.0
pte,0.24444444444444444,0.7333333333333333,0.0,0.0,0.022222222222222223
üke,0.0,1.0,0.0,0.0,0.0
lid,0.0,0.6071428571428571,0.05357142857142857,0.3392857142857143,0.0
api,0.0,0.06779661016949153,0.0,0.0,0.9322033898305084
uhr,0.0,1.0,0.0,0.0,0.0
cah,1.0,0.0,0.0,0.0,0.0
www,1.0,0.0,0.0,0.0,0.0
iiz,1.0,0.0,0.0,0.0,0.0
zze,0.12903225806451613,0.8279569892473119,0.0,0.0,0.043010752688172046
bet,0.029850746268656716,0.04477611940298507,0.19402985074626866,0.0,0.7313432835820896
ßer,0.6984126984126984,0.23809523809523808,0.06349206349206349,0.0,0.0
elf,0.25,0.5,0.0,0.25,0.0
cli,0.0,0.0,0.0,0.0,1.0
ris,0.5081967213114754,0.0,0.4918032786885246,0.0,0.0
haf,0.015873015873015872,0.4603174603174603,0.5238095238095238,0.0,0.0
mms,0.75,0.25,0.0,0.0,0.0
sei,0.8709677419354839,0.12903225806451613,0.0,0.0,0.0
fre,0.0,1.0,0.0,0.0,0.0
xit,0.25,0.0,0.25,0.0,0.5
izz,0.0,0.9333333333333333,0.0,0.0,0.06666666666666667
nzt,0.0,0.5,0.5,0.0,0.0
led,0.3333333333333333,0.0,0.0,0.6666666666666666,0.0
nur,1.0,0.0,0.0,0.0,0.0
zhe,0.0,1.0,0.0,0.0,0.0
tot,0.0,0.7666666666666667,0.2,0.0,0.03333333333333333
bbe,0.0,1.0,0.0,0.0,0.0
pos,0.8260869565217391,0.043478260869565216,0.08695652173913043,0.0,0.043478260869565216
ebt,0.0,0.7142857142857143,0.03571428571428571,0.03571428571428571,0.21428571428571427
phu,0.0,0.0,0.0,0.0,1.0
-ii,1.0,0.0,0.0,0.0,0.0
va,0.5,0.5,0.0,0.0,0.0
tär,0.25925925925925924,0.18518518518518517,0.4074074074074074,0.0,0.14814814814814814
edo,0.5714285714285714,0.0,0.0,0.0,0.42857142857142855
yie,1.0,0.0,0.0,0.0,0.0
ple,0.6176470588235294,0.058823529411764705,0.0,0.0,0.3235294117647059
äss,0.0,0.8409090909090909,0.1590909090909091,0.0,0.0
irg,0.14285714285714285,0.42857142857142855,0.42857142857142855,0.0,0.0
tim,0.02857142857142857,0.0,0.9428571428571428,0.0,0.02857142857142857
uce,0.6530612244897959,0.3469387755102041,0.0,0.0,0.0
tüt,0.0,0.9807692307692307,0.019230769230769232,0.0,0.0
tep,0.0,0.0,0.0,0.0,1.0
aif,0.0,0.0,1.0,0.0,0.0
ähl,0.0,0.12158808933002481,0.8784119106699751,0.0,0.0
ify,1.0,0.0,0.0,0.0,0.0
ual,0.043478260869565216,0.2826086956521739,0.4782608695652174,0.0,0.1956521739130435
fug,0.0,0.03076923076923077,0.9692307692307692,0.0,0.0
ürd,0.0,0.8333333333333334,0.16666666666666666,0.0,0.0
fia,1.0,0.0,0.0,0.0,0.0
ssd,0.4444444444444444,0.0,0.0,0.0,0.5555555555555556
arb,0.0,0.6037735849056604,0.39622641509433965,0.0,0.0
ssp,0.0,0.0,0.0,0.0,1.0
cls,1.0,0.0,0.0,0.0,0.0
act,0.9047619047619048,0.0,0.0,0.0,0.09523809523809523
wom,0.0,1.0,0.0,0.0,0.0
dom,0.0,0.18181818181818182,0.7575757575757576,0.0,0.06060606060606061
eno,0.6363636363636364,0.0,0.0,0.0,0.36363636363636365
zte,0.9411764705882353,0.058823529411764705,0.0,0.0,0.0
uie,0.0,1.0,0.0,0.0,0.0
dus,0.9791666666666666,0.020833333333333332,0.0,0.0,0.0
ffa,0.0,1.0,0.0,0.0,0.0
ühn,0.0,0.896551724137931,0.06896551724137931,0.034482758620689655,0.0
sur,0.0,0.8703703703703703,0.12962962962962962,0.0,0.0
ire,0.51,0.27,0.0,0.01,0.21
dj,0.0,0.0,0.0,0.0,1.0
mes,0.6904761904761905,0.0,0.30952380952380953,0.0,0.0
dol,0.0,0.0,1.0,0.0,0.0
rtn,0.0,0.5882352941176471,0.0,0.4117647058823529,0.0
meß,0.0,0.0,1.0,0.0,0.0
äße,0.2916666666666667,0.7083333333333334,0.0,0.0,0.0
hur,0.0,0.6666666666666666,0.3333333333333333,0.0,0.0
bik,0.045454545454545456,0.1590909090909091,0.0,0.0,0.7954545454545454
nan,0.1,0.7,0.1,0.0,0.1
jrg,0.0,1.0,0.0,0.0,0.0
äon,0.0,1.0,0.0,0.0,0.0
ror,0.06666666666666667,0.8666666666666667,0.0,0.0,0.06666666666666667
mic,0.07142857142857142,0.0,0.0,0.0,0.9285714285714286
fix,0.2857142857142857,0.0,0.42857142857142855,0.0,0.2857142857142857
mmi,0.08,0.0,0.0,0.0,0.92
äur,0.0,0.26262626262626265,0.7373737373737373,0.0,0.0
dse,0.0,1.0,0.0,0.0,0.0
gni,0.0,1.0,0.0,0.0,0.0
fds,1.0,0.0,0.0,0.0,0.0
ics,1.0,0.0,0.0,0.0,0.0
knn,0.0,1.0,0.0,0.0,0.0
bah,0.0,1.0,0.0,0.0,0.0
hsi,0.0,1.0,0.0,0.0,0.0
tys,1.0,0.0,0.0,0.0,0.0
vdi,1.0,0.0,0.0,0.0,0.0
buß,0.0,0.7608695652173914,0.2391304347826087,0.0,0.0
emi,0.06666666666666667,0.26666666666666666,0.0,0.0,0.6666666666666666
hel,0.024390243902439025,0.9658536585365853,0.004878048780487805,0.004878048780487805,0.0
fad,0.0,0.44,0.544,0.0,0.016
hak,0.043478260869565216,0.782608695652174,0.0,0.0,0.17391304347826086
any,1.0,0.0,0.0,0.0,0.0
ori,0.017241379310344827,0.9827586206896551,0.0,0.0,0.0
müd,0.0,0.0,0.0,1.0,0.0
sto,0.43478260869565216,0.34782608695652173,0.0,0.0,0.21739130434782608
rts,0.9714285714285714,0.0,0.0,0.0,0.02857142857142857
p2x,1.0,0.0,0.0,0.0,0.0
chs,0.25882352941176473,0.09411764705882353,0.6470588235294118,0.0,0.0
aak,0.8888888888888888,0.0,0.0,0.0,0.1111111111111111
tra,0.11428571428571428,0.0,0.0,0.0,0.8857142857142857
-pc,0.0,0.0,0.0,0.0,1.0
kse,0.36666666666666664,0.6333333333333333,0.0,0.0,0.0
tri,0.0,1.0,0.0,0.0,0.0
äus,0.0,0.8076923076923077,0.07692307692307693,0.11538461538461539,0.0
obi,0.0,0.75,0.25,0.0,0.0
neg,0.0,0.3333333333333333,0.6666666666666666,0.0,0.0
olf,0.5,0.07142857142857142,0.14285714285714285,0.0,0.2857142857142857
uat,0.0,0.14285714285714285,0.5714285714285714,0.0,0.2857142857142857
nus,0.5416666666666666,0.0,0.4583333333333333,0.0,0.0
leb,0.0,0.6086956521739131,0.391304347826087,0.0,0.0
ämm,0.0,0.15625,0.84375,0.0,0.0
ewe,0.10526315789473684,0.8947368421052632,0.0,0.0,0.0
ana,0.1111111111111111,0.1111111111111111,0.0,0.0,0.7777777777777778
orn,0.08771929824561403,0.2807017543859649,0.10526315789473684,0.3684210526315789,0.15789473684210525
mch,0.0,1.0,0.0,0.0,0.0
bhs,1.0,0.0,0.0,0.0,0.0
cel,0.7,0.3,0.0,0.0,0.0
fün,0.0,1.0,0.0,0.0,0.0
cix,1.0,0.0,0.0,0.0,0.0
sco,1.0,0.0,0.0,0.0,0.0
sm1,1.0,0.0,0.0,0.0,0.0
edi,0.3191489361702128,0.6808510638297872,0.0,0.0,0.0
sig,0.1,0.825,0.075,0.0,0.0
xid,0.44,0.0,0.56,0.0,0.0
zyt,0.0,1.0,0.0,0.0,0.0
qbi,1.0,0.0,0.0,0.0,0.0
sha,0.8333333333333334,0.0,0.0,0.0,0.16666666666666666
orb,0.0,0.05555555555555555,0.9444444444444444,0.0,0.0
nsa,0.9473684210526315,0.05263157894736842,0.0,0.0,0.0
sta,0.8478260869565217,0.043478260869565216,0.0,0.0,0.10869565217391304
diz,0.0,0.140625,0.0,0.0,0.859375
örg,0.0,1.0,0.0,0.0,0.0
aqt,1.0,0.0,0.0,0.0,0.0
cop,0.0,0.0,0.0,0.0,1.0
rza,1.0,0.0,0.0,0.0,0.0
yed,0.0,1.0,0.0,0.0,0.0
upe,0.12,0.88,0.0,0.0,0.0
lic,0.8888888888888888,0.0,0.0,0.0,0.1111111111111111
hat,0.17419354838709677,0.012903225806451613,0.0,0.0,0.8129032258064516
olv,0.0,0.8,0.2,0.0,0.0
riv,0.0,0.3333333333333333,0.5,0.0,0.16666666666666666
läß,0.0,0.0,1.0,0.0,0.0
uff,0.14285714285714285,0.19047619047619047,0.23809523809523808,0.0,0.42857142857142855
aur,0.0,0.7777777777777778,0.2222222222222222,0.0,0.0
ozi,0.0,0.0,0.0,0.0,1.0
sic,0.0,0.0,0.0,0.0,1.0
häd,0.0,1.0,0.0,0.0,0.0
ikl,1.0,0.0,0.0,0.0,0.0
itf,1.0,0.0,0.0,0.0,0.0
yna,0.8333333333333334,0.0,0.0,0.0,0.16666666666666666
aud,0.09090909090909091,0.36363636363636365,0.0,0.45454545454545453,0.09090909090909091
heh,0.0,1.0,0.0,0.0,0.0
ria,0.6666666666666666,0.3333333333333333,0.0,0.0,0.0
zeh,0.0,0.9433962264150944,0.05660377358490566,0.0,0.0
xis,0.2571428571428571,0.7428571428571429,0.0,0.0,0.0
rck,0.0,0.8333333333333334,0.16666666666666666,0.0,0.0
ieu,0.0,0.0,0.0,0.0,1.0
lur,0.23809523809523808,0.2857142857142857,0.47619047619047616,0.0,0.0
öle,0.5,0.5,0.0,0.0,0.0
det,0.045454545454545456,0.5454545454545454,0.4090909090909091,0.0,0.0
fäß,0.0,0.10869565217391304,0.8913043478260869,0.0,0.0
gnu,0.6666666666666666,0.0,0.0,0.0,0.3333333333333333
std,1.0,0.0,0.0,0.0,0.0
has,0.024390243902439025,0.9512195121951219,0.024390243902439025,0.0,0.0
äul,0.0,1.0,0.0,0.0,0.0
caf,0.04918032786885246,0.0,0.0,0.0,0.9508196721311475
000,1.0,0.0,0.0,0.0,0.0
sas,0.7777777777777778,0.0,0.2222222222222222,0.0,0.0
oup,0.9230769230769231,0.0,0.0,0.0,0.07692307692307693
aka,1.0,0.0,0.0,0.0,0.0
ors,0.6428571428571429,0.14285714285714285,0.21428571428571427,0.0,0.0
hag,0.038461538461538464,0.9230769230769231,0.038461538461538464,0.0,0.0
tto,0.25,0.0,0.0,0.0,0.75
jig,0.0,1.0,0.0,0.0,0.0
18i,1.0,0.0,0.0,0.0,0.0
gio,0.0,0.25,0.0,0.0,0.75
dch,0.0,1.0,0.0,0.0,0.0
-eu,1.0,0.0,0.0,0.0,0.0
-id,0.9714285714285714,0.0,0.0,0.0,0.02857142857142857
ehn,0.0392156862745098,0.9019607843137255,0.058823529411764705,0.0,0.0
imi,0.18181818181818182,0.0,0.0,0.0,0.8181818181818182
bon,0.0,0.0,0.0,0.0,1.0
lil,0.5,0.0,0.5,0.0,0.0
gla,0.08333333333333333,0.0,0.0,0.0,0.9166666666666666
bes,0.625,0.375,0.0,0.0,0.0
güt,0.0,0.15,0.35,0.5,0.0
hst,0.0,0.8529411764705882,0.14705882352941177,0.0,0.0
cur,0.018867924528301886,0.0,0.9811320754716981,0.0,0.0
hüß,0.0,0.0,1.0,0.0,0.0
cil,0.5,0.0,0.0,0.0,0.5
ffn,0.0,1.0,0.0,0.0,0.0
nür,0.0,0.8333333333333334,0.0,0.16666666666666666,0.0
oli,0.0,0.7083333333333334,0.0,0.0,0.2916666666666667
umi,0.25,0.0,0.0,0.0,0.75
aby,0.023809523809523808,0.0,0.0,0.0,0.9761904761904762
luz,0.0,1.0,0.0,0.0,0.0
ima,0.7948717948717948,0.1794871794871795,0.0,0.0,0.02564102564102564
ugt,0.0,0.9285714285714286,0.07142857142857142,0.0,0.0
ned,0.8333333333333334,0.0,0.16666666666666666,0.0,0.0
eto,0.14285714285714285,0.0,0.0,0.0,0.8571428571428571
öss,0.0,0.8333333333333334,0.0,0.16666666666666666,0.0
äfe,0.0,1.0,0.0,0.0,0.0
wth,1.0,0.0,0.0,0.0,0.0
ymn,0.0,1.0,0.0,0.0,0.0
euß,0.0,1.0,0.0,0.0,0.0
lnd,0.0,0.125,0.375,0.5,0.0
cee,0.0,1.0,0.0,0.0,0.0
ua,1.0,0.0,0.0,0.0,0.0
bed,0.8333333333333334,0.0,0.0,0.0,0.16666666666666666
hls,0.0,0.0,1.0,0.0,0.0
iia,1.0,0.0,0.0,0.0,0.0
ng-,1.0,0.0,0.0,0.0,0.0
ump,0.06666666666666667,0.8,0.06666666666666667,0.0,0.06666666666666667
örn,0.0,0.4,0.0,0.13333333333333333,0.4666666666666667
rti,0.0,1.0,0.0,0.0,0.0
nic,0.6,0.0,0.0,0.0,0.4
oje,0.0,1.0,0.0,0.0,0.0
öse,0.22058823529411764,0.7794117647058824,0.0,0.0,0.0
uri,0.5,0.5,0.0,0.0,0.0
wus,0.0,0.0,1.0,0.0,0.0
bod,0.0,1.0,0.0,0.0,0.0
tng,1.0,0.0,0.0,0.0,0.0
iwi,0.0,0.0,0.0,0.0,1.0
sv2,1.0,0.0,0.0,0.0,0.0
iät,0.15555555555555556,0.8444444444444444,0.0,0.0,0.0
mig,0.0,1.0,0.0,0.0,0.0
gnt,1.0,0.0,0.0,0.0,0.0
ppi,1.0,0.0,0.0,0.0,0.0
tcp,1.0,0.0,0.0,0.0,0.0
ikt,0.003367003367003367,0.29292929292929293,0.7037037037037037,0.0,0.0
nga,0.5294117647058824,0.47058823529411764,0.0,0.0,0.0
söl,1.0,0.0,0.0,0.0,0.0
lia,0.09090909090909091,0.09090909090909091,0.0,0.0,0.8181818181818182
3ds,1.0,0.0,0.0,0.0,0.0
ndi,0.5882352941176471,0.3235294117647059,0.0,0.0,0.08823529411764706
uli,0.7058823529411765,0.17647058823529413,0.0,0.0,0.11764705882352941
zem,0.06666666666666667,0.3333333333333333,0.6,0.0,0.0
köl,1.0,0.0,0.0,0.0,0.0
läs,0.0,0.225,0.7,0.075,0.0
que,0.015384615384615385,0.9692307692307692,0.0,0.0,0.015384615384615385
cia,0.0,0.0,0.0,0.0,1.0
oke,0.0,0.991304347826087,0.0,0.0,0.008695652173913044
-cd,0.18181818181818182,0.0,0.0,0.0,0.8181818181818182
dur,0.05128205128205128,0.9230769230769231,0.0,0.0,0.02564102564102564
sht,1.0,0.0,0.0,0.0,0.0
edd,0.0,0.0,0.0,1.0,0.0
tns,1.0,0.0,0.0,0.0,0.0
päs,0.0,0.0,1.0,0.0,0.0
emo,0.3,0.7,0.0,0.0,0.0
spe,0.058823529411764705,0.9411764705882353,0.0,0.0,0.0
uel,0.6,0.0,0.0,0.0,0.4
obt,0.5,0.5,0.0,0.0,0.0
bum,0.0,0.9285714285714286,0.0,0.0,0.07142857142857142
oft,0.4,0.0,0.0,0.0,0.6
uar,0.017543859649122806,0.0,0.9649122807017544,0.0,0.017543859649122806
äht,0.0,0.6,0.4,0.0,0.0
mse,0.11224489795918367,0.8877551020408163,0.0,0.0,0.0
suß,0.0,0.0,1.0,0.0,0.0
wal,0.0,0.1566265060240964,0.8433734939759037,0.0,0.0
1dw,1.0,0.0,0.0,0.0,0.0
ary,0.8823529411764706,0.0,0.0,0.0,0.11764705882352941
aze,1.0,0.0,0.0,0.0,0.0
müt,0.0,0.0,0.0,1.0,0.0
nag,0.0,0.8846153846153846,0.038461538461538464,0.07692307692307693,0.0
tch,0.22435897435897437,0.22435897435897437,0.01282051282051282,0.0,0.5384615384615384
siv,0.0,0.16666666666666666,0.7333333333333333,0.1,0.0
hub,0.023255813953488372,0.09302325581395349,0.4186046511627907,0.0,0.46511627906976744
cos,1.0,0.0,0.0,0.0,0.0
mte,0.3333333333333333,0.6666666666666666,0.0,0.0,0.0
tus,0.7,0.3,0.0,0.0,0.0
omi,0.13559322033898305,0.01694915254237288,0.0,0.0,0.847457627118644
hul,0.0,1.0,0.0,0.0,0.0
rnd,0.0,0.3125,0.5,0.1875,0.0
ssi,0.15,0.65,0.0,0.0,0.2
vma,0.0,0.0,0.0,0.0,1.0
emm,0.0,0.6111111111111112,0.3888888888888889,0.0,0.0
eee,1.0,0.0,0.0,0.0,0.0
bra,0.0,0.48,0.0,0.0,0.52
öch,0.0,0.4074074074074074,0.48148148148148145,0.1111111111111111,0.0
huk,0.0,1.0,0.0,0.0,0.0
teg,0.14705882352941177,0.5588235294117647,0.29411764705882354,0.0,0.0
ijn,0.5,0.5,0.0,0.0,0.0
jag,0.0,1.0,0.0,0.0,0.0
üll,0.09090909090909091,0.7272727272727273,0.18181818181818182,0.0,0.0
vm2,1.0,0.0,0.0,0.0,0.0
enr,0.0,1.0,0.0,0.0,0.0
dco,1.0,0.0,0.0,0.0,0.0
bor,0.0,0.46987951807228917,0.024096385542168676,0.0,0.5060240963855421
dgs,1.0,0.0,0.0,0.0,0.0
vac,1.0,0.0,0.0,0.0,0.0
ndt,0.08333333333333333,0.75,0.16666666666666666,0.0,0.0
chu,0.3333333333333333,0.0,0.0,0.0,0.6666666666666666
reg,0.16666666666666666,0.8333333333333334,0.0,0.0,0.0
ic,0.0,0.0,0.0,0.0,1.0
-up,0.7857142857142857,0.0,0.0,0.0,0.21428571428571427
tek,0.5,0.5,0.0,0.0,0.0
upa,1.0,0.0,0.0,0.0,0.0
dh,1.0,0.0,0.0,0.0,0.0
iar,0.3333333333333333,0.0,0.3333333333333333,0.0,0.3333333333333333
hau,0.07692307692307693,0.46153846153846156,0.23076923076923078,0.0,0.23076923076923078
rty,1.0,0.0,0.0,0.0,0.0
zog,0.0,1.0,0.0,0.0,0.0
ity,1.0,0.0,0.0,0.0,0.0
lly,0.6428571428571429,0.0,0.21428571428571427,0.0,0.14285714285714285
igi,1.0,0.0,0.0,0.0,0.0
aro,0.5714285714285714,0.03571428571428571,0.0,0.0,0.39285714285714285
roz,0.0,1.0,0.0,0.0,0.0
-am,1.0,0.0,0.0,0.0,0.0
ihr,0.03125,0.390625,0.375,0.09375,0.109375
kro,0.03333333333333333,0.0,0.0,0.0,0.9666666666666667
ißt,0.5,0.0,0.5,0.0,0.0
äen,1.0,0.0,0.0,0.0,0.0
küh,0.0,0.9,0.1,0.0,0.0
ans,0.7407407407407407,0.018518518518518517,0.24074074074074073,0.0,0.0
eak,0.10909090909090909,0.09090909090909091,0.0,0.0,0.8
ful,1.0,0.0,0.0,0.0,0.0
ppt,0.0,0.5,0.5,0.0,0.0
yme,0.2631578947368421,0.7368421052631579,0.0,0.0,0.0
hog,0.0,1.0,0.0,0.0,0.0
had,0.0,0.42857142857142855,0.0,0.5714285714285714,0.0
4ex,0.0,0.0,1.0,0.0,0.0
täb,0.0,0.4117647058823529,0.5882352941176471,0.0,0.0
nzi,0.0,1.0,0.0,0.0,0.0
ghz,1.0,0.0,0.0,0.0,0.0
rgi,0.0,1.0,0.0,0.0,0.0
nil,0.8333333333333334,0.0,0.16666666666666666,0.0,0.0
wix,1.0,0.0,0.0,0.0,0.0
nip,0.0,0.0,0.0,0.0,1.0
yin,0.16666666666666666,0.0,0.8333333333333334,0.0,0.0
jak,0.42857142857142855,0.0,0.0,0.0,0.5714285714285714
lse,0.3484848484848485,0.6515151515151515,0.0,0.0,0.0
nth,0.0,0.0,1.0,0.0,0.0
kwk,1.0,0.0,0.0,0.0,0.0
byt,0.0,0.0,0.0,0.0,1.0
lab,0.7419354838709677,0.0,0.0,0.0,0.25806451612903225
aqs,1.0,0.0,0.0,0.0,0.0
ügg,0.0,1.0,0.0,0.0,0.0
iom,0.0,0.2857142857142857,0.7142857142857143,0.0,0.0
nha,1.0,0.0,0.0,0.0,0.0
ecs,1.0,0.0,0.0,0.0,0.0
ake,0.07407407407407407,0.6296296296296297,0.0,0.0,0.2962962962962963
uds,1.0,0.0,0.0,0.0,0.0
osk,0.0,0.5,0.5,0.0,0.0
umn,0.08333333333333333,0.9166666666666666,0.0,0.0,0.0
rid,0.16666666666666666,0.3333333333333333,0.4166666666666667,0.041666666666666664,0.041666666666666664
reb,0.0,0.5384615384615384,0.46153846153846156,0.0,0.0
esk,0.3333333333333333,0.6666666666666666,0.0,0.0,0.0
eds,1.0,0.0,0.0,0.0,0.0
elr,0.0,1.0,0.0,0.0,0.0
öte,0.41025641025641024,0.5897435897435898,0.0,0.0,0.0
ixe,0.8636363636363636,0.045454545454545456,0.0,0.0,0.09090909090909091
ult,0.2,0.15,0.25,0.0,0.4
osh,1.0,0.0,0.0,0.0,0.0
ods,1.0,0.0,0.0,0.0,0.0
brs,0.0,1.0,0.0,0.0,0.0
pts,1.0,0.0,0.0,0.0,0.0
lea,0.0,0.0,0.0,0.0,1.0
ola,1.0,0.0,0.0,0.0,0.0
hic,1.0,0.0,0.0,0.0,0.0
odi,1.0,0.0,0.0,0.0,0.0
cut,0.0,0.0,0.0,0.0,1.0
iur,0.0,0.0,1.0,0.0,0.0
yra,0.5,0.0,0.0,0.0,0.5
ena,0.09090909090909091,0.9090909090909091,0.0,0.0,0.0
fak,0.0,0.0,0.0,0.0,1.0
kto,0.0,0.0,0.0,0.0,1.0
pdo,0.0,0.0,0.0,0.0,1.0
hüb,0.0,0.8,0.2,0.0,0.0
ny,1.0,0.0,0.0,0.0,0.0
dem,0.35714285714285715,0.10714285714285714,0.14285714285714285,0.0,0.39285714285714285
mmt,0.0,0.25,0.75,0.0,0.0
böd,0.0,1.0,0.0,0.0,0.0
dry,1.0,0.0,0.0,0.0,0.0
tse,0.15384615384615385,0.8461538461538461,0.0,0.0,0.0
grö,1.0,0.0,0.0,0.0,0.0
xie,0.29411764705882354,0.29411764705882354,0.0,0.0,0.4117647058823529
2ua,1.0,0.0,0.0,0.0,0.0
sal,0.01639344262295082,0.01639344262295082,0.9344262295081968,0.0,0.03278688524590164
-bh,0.0,0.0,0.0,0.0,1.0
ato,0.1111111111111111,0.2777777777777778,0.0,0.0,0.6111111111111112
pch,0.09090909090909091,0.9090909090909091,0.0,0.0,0.0
3cx,1.0,0.0,0.0,0.0,0.0
wee,0.0,0.9846153846153847,0.0,0.0,0.015384615384615385
rno,0.16666666666666666,0.0,0.0,0.0,0.8333333333333334
vdo,0.0,0.0,0.0,0.0,1.0
mah,1.0,0.0,0.0,0.0,0.0
von,0.6666666666666666,0.3333333333333333,0.0,0.0,0.0
rea,0.3333333333333333,0.0,0.0,0.0,0.6666666666666666
lis,0.3783783783783784,0.0,0.6216216216216216,0.0,0.0
ßch,0.0,1.0,0.0,0.0,0.0
for,0.0,1.0,0.0,0.0,0.0
löd,1.0,0.0,0.0,0.0,0.0
leh,0.0,1.0,0.0,0.0,0.0
b-c,1.0,0.0,0.0,0.0,0.0
llt,0.041666666666666664,0.5,0.4375,0.020833333333333332,0.0
811,1.0,0.0,0.0,0.0,0.0
-hd,1.0,0.0,0.0,0.0,0.0
eel,0.04,0.28,0.34,0.0,0.34
scs,1.0,0.0,0.0,0.0,0.0
dec,0.19047619047619047,0.0,0.0,0.0,0.8095238095238095
vur,0.8,0.2,0.0,0.0,0.0
kon,0.30434782608695654,0.5,0.043478260869565216,0.0,0.15217391304347827
ebs,0.0,0.0,1.0,0.0,0.0
tta,1.0,0.0,0.0,0.0,0.0
gea,1.0,0.0,0.0,0.0,0.0
ina,0.8529411764705882,0.0,0.0,0.0,0.14705882352941177
ych,0.0,0.038461538461538464,0.9230769230769231,0.0,0.038461538461538464
übe,0.3269230769230769,0.6730769230769231,0.0,0.0,0.0
nug,0.0,0.0,1.0,0.0,0.0
san,0.1111111111111111,0.6666666666666666,0.0,0.0,0.2222222222222222
lee,0.3548387096774194,0.6451612903225806,0.0,0.0,0.0
-öl,0.75,0.25,0.0,0.0,0.0
tas,0.9,0.05,0.05,0.0,0.0
röt,0.0,1.0,0.0,0.0,0.0
egl,0.0,0.4,0.0,0.6,0.0
kot,0.034482758620689655,0.0,0.0,0.0,0.9655172413793104
dhe,1.0,0.0,0.0,0.0,0.0
arf,0.10344827586206896,0.06896551724137931,0.7586206896551724,0.034482758620689655,0.034482758620689655
gus,0.375,0.625,0.0,0.0,0.0
öhr,0.0,0.6530612244897959,0.3469387755102041,0.0,0.0
dot,0.8181818181818182,0.0,0.0,0.0,0.18181818181818182
unn,0.0,1.0,0.0,0.0,0.0
laf,0.0,1.0,0.0,0.0,0.0
lco,1.0,0.0,0.0,0.0,0.0
pid,0.5,0.0,0.0,0.5,0.0
müs,0.0,0.0,1.0,0.0,0.0
afo,1.0,0.0,0.0,0.0,0.0
nak,0.7142857142857143,0.2857142857142857,0.0,0.0,0.0
vis,0.8461538461538461,0.0,0.07692307692307693,0.0,0.07692307692307693
rta,0.0,1.0,0.0,0.0,0.0
ban,0.9565217391304348,0.043478260869565216,0.0,0.0,0.0
dst,0.0,0.8888888888888888,0.0,0.1111111111111111,0.0
tro,0.11538461538461539,0.0,0.0,0.0,0.8846153846153846
tip,0.15625,0.0,0.0,0.0,0.84375
yph,0.0,1.0,0.0,0.0,0.0
nyt,1.0,0.0,0.0,0.0,0.0
nöf,0.0,1.0,0.0,0.0,0.0
häe,0.0,1.0,0.0,0.0,0.0
kor,0.5862068965517241,0.1724137931034483,0.13793103448275862,0.0,0.10344827586206896
orl,0.5,0.5,0.0,0.0,0.0
nad,0.0,0.5,0.25,0.25,0.0
lom,0.0,0.0,1.0,0.0,0.0
lps,1.0,0.0,0.0,0.0,0.0
ürg,0.0,1.0,0.0,0.0,0.0
elk,0.0,1.0,0.0,0.0,0.0
ggs,1.0,0.0,0.0,0.0,0.0
hyä,0.0,1.0,0.0,0.0,0.0
yän,0.0,1.0,0.0,0.0,0.0
wog,0.0,1.0,0.0,0.0,0.0
ädt,0.0,0.9705882352941176,0.029411764705882353,0.0,0.0
wäg,0.0,1.0,0.0,0.0,0.0
edy,0.9230769230769231,0.0,0.0,0.0,0.07692307692307693
epe,0.5,0.5,0.0,0.0,0.0
hav,0.0,0.9444444444444444,0.0,0.0,0.05555555555555555
lve,0.75,0.25,0.0,0.0,0.0
the,0.38235294117647056,0.5882352941176471,0.0,0.029411764705882353,0.0
wns,1.0,0.0,0.0,0.0,0.0
iki,0.5238095238095238,0.0,0.0,0.0,0.47619047619047616
hoc,1.0,0.0,0.0,0.0,0.0
nöt,0.0,0.8823529411764706,0.0,0.11764705882352941,0.0
les,0.8870967741935484,0.06451612903225806,0.04838709677419355,0.0,0.0
sar,0.045454545454545456,0.36363636363636365,0.5,0.0,0.09090909090909091
viz,0.0,1.0,0.0,0.0,0.0
lus,0.8846153846153846,0.038461538461538464,0.07692307692307693,0.0,0.0
-ll,1.0,0.0,0.0,0.0,0.0
höf,0.0,0.8571428571428571,0.14285714285714285,0.0,0.0
van,0.21428571428571427,0.07142857142857142,0.0,0.0,0.7142857142857143
fus,0.625,0.375,0.0,0.0,0.0
xys,1.0,0.0,0.0,0.0,0.0
ad,0.0,0.0,0.0,0.18181818181818182,0.8181818181818182
sso,0.3333333333333333,0.0,0.0,0.0,0.6666666666666666
nüg,0.0,0.9444444444444444,0.05555555555555555,0.0,0.0
nuß,0.0,0.3333333333333333,0.6666666666666666,0.0,0.0
oby,0.75,0.0,0.0,0.0,0.25
apa,0.034482758620689655,0.0,0.0,0.0,0.9655172413793104
yth,0.0,1.0,0.0,0.0,0.0
oom,0.4375,0.09375,0.0,0.0,0.46875
chw,1.0,0.0,0.0,0.0,0.0
üng,0.0,0.625,0.375,0.0,0.0
mdi,0.0,1.0,0.0,0.0,0.0
oof,0.4666666666666667,0.0,0.0,0.0,0.5333333333333333
dge,0.7142857142857143,0.0,0.0,0.0,0.2857142857142857
hür,0.0,1.0,0.0,0.0,0.0
tde,1.0,0.0,0.0,0.0,0.0
neo,1.0,0.0,0.0,0.0,0.0
rna,0.9583333333333334,0.0,0.0,0.0,0.041666666666666664
uad,0.0,0.0,0.0,0.18181818181818182,0.8181818181818182
mwp,1.0,0.0,0.0,0.0,0.0
rso,0.5555555555555556,0.3333333333333333,0.0,0.0,0.1111111111111111
tzi,0.0,0.0,0.5,0.0,0.5
aul,0.0,0.5,0.0,0.0,0.5
gge,0.02631578947368421,0.9736842105263158,0.0,0.0,0.0
agg,0.0,1.0,0.0,0.0,0.0
piz,1.0,0.0,0.0,0.0,0.0
te2,1.0,0.0,0.0,0.0,0.0
sku,0.25,0.0,0.0,0.0,0.75
pup,1.0,0.0,0.0,0.0,0.0
gon,0.1,0.5666666666666667,0.03333333333333333,0.0,0.3
ifi,1.0,0.0,0.0,0.0,0.0
xyg,0.0,1.0,0.0,0.0,0.0
uin,0.0,0.43333333333333335,0.5666666666666667,0.0,0.0
elb,0.125,0.625,0.25,0.0,0.0
elz,0.05263157894736842,0.10526315789473684,0.8421052631578947,0.0,0.0
dil,0.3,0.0,0.7,0.0,0.0
sbe,0.0,1.0,0.0,0.0,0.0
het,0.0,0.75,0.0,0.0,0.25
lla,0.0,0.7833333333333333,0.0,0.0,0.21666666666666667
304,1.0,0.0,0.0,0.0,0.0
338,1.0,0.0,0.0,0.0,0.0
ona,0.3018867924528302,0.20754716981132076,0.0,0.0,0.49056603773584906
ges,0.9487179487179487,0.02564102564102564,0.02564102564102564,0.0,0.0
sad,0.0,0.6666666666666666,0.16666666666666666,0.16666666666666666,0.0
jin,0.0,0.0,0.6666666666666666,0.0,0.3333333333333333
pv6,1.0,0.0,0.0,0.0,0.0
tös,0.0,0.2,0.8,0.0,0.0
sed,1.0,0.0,0.0,0.0,0.0
odl,0.0,0.0,1.0,0.0,0.0
tld,0.0,0.0,0.0,0.0,1.0
oda,0.2,0.8,0.0,0.0,0.0
rls,1.0,0.0,0.0,0.0,0.0
han,0.0,0.8333333333333334,0.16666666666666666,0.0,0.0
eul,0.0,1.0,0.0,0.0,0.0
104,1.0,0.0,0.0,0.0,0.0
omy,1.0,0.0,0.0,0.0,0.0
tit,0.1,0.9,0.0,0.0,0.0
iry,1.0,0.0,0.0,0.0,0.0
gme,0.0,1.0,0.0,0.0,0.0
ram,0.3684210526315789,0.21052631578947367,0.0,0.0,0.42105263157894735
341,1.0,0.0,0.0,0.0,0.0
yal,0.0,0.0,0.6153846153846154,0.0,0.38461538461538464
ora,0.7777777777777778,0.2222222222222222,0.0,0.0,0.0
ret,0.031746031746031744,0.6190476190476191,0.23809523809523808,0.0,0.1111111111111111
lye,1.0,0.0,0.0,0.0,0.0
320,1.0,0.0,0.0,0.0,0.0
rax,0.2,0.8,0.0,0.0,0.0
upp,0.0,0.8666666666666667,0.0,0.0,0.13333333333333333
rlö,0.0,1.0,0.0,0.0,0.0
tir,0.0,1.0,0.0,0.0,0.0
v-2,1.0,0.0,0.0,0.0,0.0
or-,1.0,0.0,0.0,0.0,0.0
zor,0.125,0.875,0.0,0.0,0.0
ign,0.5333333333333333,0.30666666666666664,0.0,0.16,0.0
ttp,1.0,0.0,0.0,0.0,0.0
spr,1.0,0.0,0.0,0.0,0.0
vvm,1.0,0.0,0.0,0.0,0.0
cim,0.0,1.0,0.0,0.0,0.0
100,1.0,0.0,0.0,0.0,0.0
bas,0.42857142857142855,0.5714285714285714,0.0,0.0,0.0
reu,0.0,1.0,0.0,0.0,0.0
664,1.0,0.0,0.0,0.0,0.0
zil,0.0,0.0,1.0,0.0,0.0
mac,0.06060606060606061,0.0,0.0,0.0,0.9393939393939394
biß,0.0,0.0,1.0,0.0,0.0
hai,0.0,1.0,0.0,0.0,0.0
umt,1.0,0.0,0.0,0.0,0.0
rüh,0.0,1.0,0.0,0.0,0.0
pür,0.0,1.0,0.0,0.0,0.0
djs,1.0,0.0,0.0,0.0,0.0
cha,0.17647058823529413,0.6470588235294118,0.0,0.0,0.17647058823529413
dwe,0.0,1.0,0.0,0.0,0.0
kag,0.0,0.9375,0.0,0.0,0.0625
pai,1.0,0.0,0.0,0.0,0.0
ks2,1.0,0.0,0.0,0.0,0.0
iot,0.34782608695652173,0.30434782608695654,0.0,0.0,0.34782608695652173
oid,0.3888888888888889,0.2222222222222222,0.3888888888888889,0.0,0.0
com,0.4827586206896552,0.0,0.3793103448275862,0.0,0.13793103448275862
siz,0.0,0.0,1.0,0.0,0.0
nwo,1.0,0.0,0.0,0.0,0.0
äts,1.0,0.0,0.0,0.0,0.0
rx2,1.0,0.0,0.0,0.0,0.0
jön,0.0,1.0,0.0,0.0,0.0
nlo,1.0,0.0,0.0,0.0,0.0
füß,0.0,0.15384615384615385,0.8461538461538461,0.0,0.0
chv,1.0,0.0,0.0,0.0,0.0
ynt,0.0,0.0,1.0,0.0,0.0
ynd,0.0,0.0,0.0,1.0,0.0
afs,1.0,0.0,0.0,0.0,0.0
lei,0.0,0.875,0.125,0.0,0.0
agt,0.0,0.5833333333333334,0.4166666666666667,0.0,0.0
emd,0.06896551724137931,0.6896551724137931,0.13793103448275862,0.06896551724137931,0.034482758620689655
ilb,0.0,0.5,0.5,0.0,0.0
fly,0.3333333333333333,0.6,0.0,0.0,0.06666666666666667
üpf,0.0,0.2,0.8,0.0,0.0
oil,0.23076923076923078,0.0,0.07692307692307693,0.0,0.6923076923076923
pez,0.0,1.0,0.0,0.0,0.0
ery,0.5,0.0,0.0,0.0,0.5
p-6,1.0,0.0,0.0,0.0,0.0
hdd,0.0,0.0,0.0,0.0,1.0
hlt,0.07142857142857142,0.7142857142857143,0.21428571428571427,0.0,0.0
aya,0.6,0.0,0.0,0.0,0.4
pia,1.0,0.0,0.0,0.0,0.0
sve,0.0,1.0,0.0,0.0,0.0
eve,0.0,0.967741935483871,0.0,0.0,0.03225806451612903
eff,0.02857142857142857,0.5142857142857142,0.2,0.0,0.2571428571428571
ähn,0.0,1.0,0.0,0.0,0.0
ush,1.0,0.0,0.0,0.0,0.0
fet,0.0,0.0,0.16666666666666666,0.0,0.8333333333333334
kas,0.0,0.0,1.0,0.0,0.0
reo,0.4444444444444444,0.0,0.0,0.0,0.5555555555555556
zig,0.0,0.8888888888888888,0.07407407407407407,0.037037037037037035,0.0
ado,0.23529411764705882,0.0,0.0,0.0,0.7647058823529411
udi,0.038461538461538464,0.7692307692307693,0.0,0.0,0.19230769230769232
lds,1.0,0.0,0.0,0.0,0.0
hig,0.0,0.92,0.08,0.0,0.0
map,0.96,0.0,0.0,0.0,0.04
gip,0.0,0.0,0.0,0.0,1.0
ruh,0.07692307692307693,0.3076923076923077,0.6153846153846154,0.0,0.0
fip,0.0,0.0,0.0,0.0,1.0
kuh,0.047619047619047616,0.047619047619047616,0.9047619047619048,0.0,0.0
hes,0.7837837837837838,0.13513513513513514,0.08108108108108109,0.0,0.0
sek,1.0,0.0,0.0,0.0,0.0
ape,0.2,0.03333333333333333,0.0,0.0,0.7666666666666667
oco,1.0,0.0,0.0,0.0,0.0
css,1.0,0.0,0.0,0.0,0.0
iam,0.4,0.0,0.0,0.0,0.6
uda,1.0,0.0,0.0,0.0,0.0
ar,0.0,1.0,0.0,0.0,0.0
esi,0.6,0.4,0.0,0.0,0.0
tud,0.0,1.0,0.0,0.0,0.0
krs,1.0,0.0,0.0,0.0,0.0
näs,0.0,0.0,1.0,0.0,0.0
lop,0.10526315789473684,0.0,0.0,0.0,0.8947368421052632
hol,0.015625,0.125,0.859375,0.0,0.0
rex,0.8,0.0,0.2,0.0,0.0
cpa,1.0,0.0,0.0,0.0,0.0
ts-,1.0,0.0,0.0,0.0,0.0
kou,1.0,0.0,0.0,0.0,0.0
eby,1.0,0.0,0.0,0.0,0.0
jow,1.0,0.0,0.0,0.0,0.0
nta,0.6666666666666666,0.3333333333333333,0.0,0.0,0.0
php,1.0,0.0,0.0,0.0,0.0
lvo,1.0,0.0,0.0,0.0,0.0
max,1.0,0.0,0.0,0.0,0.0
ova,1.0,0.0,0.0,0.0,0.0
fse,0.0,1.0,0.0,0.0,0.0
urv,0.0,1.0,0.0,0.0,0.0
süb,0.0,1.0,0.0,0.0,0.0
cus,1.0,0.0,0.0,0.0,0.0
180,1.0,0.0,0.0,0.0,0.0
ayz,1.0,0.0,0.0,0.0,0.0
äuß,0.0,0.0,1.0,0.0,0.0
ckn,0.0,0.8571428571428571,0.0,0.14285714285714285,0.0
erm,0.26666666666666666,0.06666666666666667,0.6,0.0,0.06666666666666667
ney,0.42857142857142855,0.0,0.0,0.0,0.5714285714285714
osi,0.8333333333333334,0.0,0.0,0.0,0.16666666666666666
rld,0.5,0.0,0.0,0.0,0.5
nyl,1.0,0.0,0.0,0.0,0.0
rob,0.0,1.0,0.0,0.0,0.0
gvo,1.0,0.0,0.0,0.0,0.0
zur,0.058823529411764705,0.0,0.9411764705882353,0.0,0.0
oya,0.875,0.0,0.0,0.0,0.125
tzt,0.16666666666666666,0.5416666666666666,0.125,0.16666666666666666,0.0
nfo,0.05555555555555555,0.0,0.0,0.0,0.9444444444444444
xam,0.2,0.8,0.0,0.0,0.0
adg,0.0,0.0,0.0,0.0,1.0
kob,0.0,0.0,0.0,0.0,1.0
ncz,0.0,0.0,0.0,0.0,1.0
don,0.0,0.0,0.07142857142857142,0.0,0.9285714285714286
psp,0.0,0.0,0.0,0.0,1.0
rab,0.07142857142857142,0.2857142857142857,0.0,0.6428571428571429,0.0
gog,0.0,1.0,0.0,0.0,0.0
lkw,1.0,0.0,0.0,0.0,0.0
amd,0.0,0.0,0.0,0.0,1.0
ee7,1.0,0.0,0.0,0.0,0.0
xia,1.0,0.0,0.0,0.0,0.0
nzh,0.0,1.0,0.0,0.0,0.0
bäß,0.0,0.0,1.0,0.0,0.0
ieß,0.20833333333333334,0.125,0.4166666666666667,0.25,0.0
rci,0.6666666666666666,0.3333333333333333,0.0,0.0,0.0
stz,0.0,1.0,0.0,0.0,0.0
rug,0.08333333333333333,0.08333333333333333,0.6666666666666666,0.0,0.16666666666666666
oen,0.875,0.125,0.0,0.0,0.0
loß,0.023255813953488372,0.32558139534883723,0.06976744186046512,0.5813953488372093,0.0
ogl,1.0,0.0,0.0,0.0,0.0
vas,0.9,0.0,0.0,0.0,0.1
llo,0.6,0.4,0.0,0.0,0.0
us,1.0,0.0,0.0,0.0,0.0
s20,1.0,0.0,0.0,0.0,0.0
zta,1.0,0.0,0.0,0.0,0.0
pän,0.0,1.0,0.0,0.0,0.0
git,0.75,0.0,0.0,0.0,0.25
äut,0.0,0.5454545454545454,0.36363636363636365,0.09090909090909091,0.0
sla,0.9629629629629629,0.0,0.0,0.0,0.037037037037037035
nyi,1.0,0.0,0.0,0.0,0.0
pop,0.5,0.0,0.0,0.0,0.5
big,0.023809523809523808,0.6190476190476191,0.3333333333333333,0.0,0.023809523809523808
lka,1.0,0.0,0.0,0.0,0.0
amy,1.0,0.0,0.0,0.0,0.0
nbö,0.0,1.0,0.0,0.0,0.0
rar,0.35,0.0,0.65,0.0,0.0
tod,0.2,0.2,0.6,0.0,0.0
pan,0.0,0.7692307692307693,0.23076923076923078,0.0,0.0
heb,0.0,0.0,1.0,0.0,0.0
hoß,0.1,0.0,0.9,0.0,0.0
mss,0.6666666666666666,0.3333333333333333,0.0,0.0,0.0
lät,0.0,0.0,1.0,0.0,0.0
ico,0.5121951219512195,0.0,0.0,0.0,0.4878048780487805
boo,1.0,0.0,0.0,0.0,0.0
cas,0.25,0.0,0.125,0.0,0.625
vrs,1.0,0.0,0.0,0.0,0.0
väg,0.0,1.0,0.0,0.0,0.0
phi,0.07692307692307693,0.8461538461538461,0.0,0.0,0.07692307692307693
ito,0.05555555555555555,0.5925925925925926,0.0,0.0,0.35185185185185186
öho,0.0,1.0,0.0,0.0,0.0
rez,0.0,1.0,0.0,0.0,0.0
4er,1.0,0.0,0.0,0.0,0.0
4de,1.0,0.0,0.0,0.0,0.0
axx,1.0,0.0,0.0,0.0,0.0
lel,0.0,0.0,0.3333333333333333,0.0,0.6666666666666666
aio,1.0,0.0,0.0,0.0,0.0
urr,0.0,1.0,0.0,0.0,0.0
oit,0.2222222222222222,0.0,0.0,0.0,0.7777777777777778
uns,1.0,0.0,0.0,0.0,0.0
-10,1.0,0.0,0.0,0.0,0.0
rüd,0.0,0.3333333333333333,0.0,0.6666666666666666,0.0
lft,0.0,0.6666666666666666,0.3333333333333333,0.0,0.0
kbs,1.0,0.0,0.0,0.0,0.0
mix,0.4375,0.1875,0.3125,0.0,0.0625
ubi,0.125,0.0,0.0,0.0,0.875
89a,1.0,0.0,0.0,0.0,0.0
yso,0.0,0.0,0.0,0.0,1.0
kän,0.0,1.0,0.0,0.0,0.0
cds,1.0,0.0,0.0,0.0,0.0
ped,0.3333333333333333,0.0,0.0,0.0,0.6666666666666666
csp,0.0,0.0,0.0,0.0,1.0
gum,0.16666666666666666,0.8333333333333334,0.0,0.0,0.0
ktr,0.1111111111111111,0.8888888888888888,0.0,0.0,0.0
oph,0.0,1.0,0.0,0.0,0.0
stg,1.0,0.0,0.0,0.0,0.0
dor,0.13333333333333333,0.6666666666666666,0.0,0.0,0.2
afy,1.0,0.0,0.0,0.0,0.0
gis,0.6666666666666666,0.3333333333333333,0.0,0.0,0.0
rtz,0.9090909090909091,0.09090909090909091,0.0,0.0,0.0
mär,0.0,1.0,0.0,0.0,0.0
s10,1.0,0.0,0.0,0.0,0.0
ipi,0.3076923076923077,0.6923076923076923,0.0,0.0,0.0
zoo,0.2,0.0,0.0,0.0,0.8
qos,1.0,0.0,0.0,0.0,0.0
slr,1.0,0.0,0.0,0.0,0.0
ieh,0.0,0.8333333333333334,0.08333333333333333,0.08333333333333333,0.0
499,1.0,0.0,0.0,0.0,0.0
fig,0.0,0.6818181818181818,0.3181818181818182,0.0,0.0
tän,0.3333333333333333,0.6666666666666666,0.0,0.0,0.0
awn,1.0,0.0,0.0,0.0,0.0
nix,0.6,0.4,0.0,0.0,0.0
rek,0.0,0.0,0.0,0.0,1.0
kof,0.0,1.0,0.0,0.0,0.0
geo,0.75,0.0,0.0,0.0,0.25
rtr,1.0,0.0,0.0,0.0,0.0
cag,0.0,0.0,0.0,0.0,1.0
alm,0.046511627906976744,0.16279069767441862,0.7441860465116279,0.0,0.046511627906976744
rof,0.9090909090909091,0.0,0.0,0.0,0.09090909090909091
ecm,1.0,0.0,0.0,0.0,0.0
eco,0.8888888888888888,0.0,0.0,0.0,0.1111111111111111
bch,0.0,1.0,0.0,0.0,0.0
ugh,0.0,0.0,0.0,0.0,1.0
nid,0.5,0.0,0.0,0.0,0.5
mag,0.05263157894736842,0.15789473684210525,0.0,0.0,0.7894736842105263
cry,1.0,0.0,0.0,0.0,0.0
win,0.3333333333333333,0.3333333333333333,0.0,0.0,0.3333333333333333
ous,0.125,0.0,0.75,0.0,0.125
vet,1.0,0.0,0.0,0.0,0.0
kai,1.0,0.0,0.0,0.0,0.0
eva,0.6666666666666666,0.0,0.0,0.0,0.3333333333333333
mik,0.15384615384615385,0.8461538461538461,0.0,0.0,0.0
leo,0.0,0.0,0.0,0.0,1.0
cho,0.0,1.0,0.0,0.0,0.0
obo,0.6666666666666666,0.0,0.0,0.0,0.3333333333333333
rry,0.2222222222222222,0.0,0.0,0.0,0.7777777777777778
sdü,0.0,1.0,0.0,0.0,0.0
ugg,0.0,1.0,0.0,0.0,0.0
oug,0.0,0.0,1.0,0.0,0.0
sim,0.0,0.0,0.4,0.0,0.6
aub,0.26666666666666666,0.3333333333333333,0.26666666666666666,0.0,0.13333333333333333
dex,0.4,0.2,0.4,0.0,0.0
ntz,0.25,0.75,0.0,0.0,0.0
mud,1.0,0.0,0.0,0.0,0.0
rms,1.0,0.0,0.0,0.0,0.0
oon,0.07142857142857142,0.0,0.0,0.0,0.9285714285714286
iro,0.6666666666666666,0.0,0.0,0.0,0.3333333333333333
ggf,1.0,0.0,0.0,0.0,0.0
poo,1.0,0.0,0.0,0.0,0.0
-io,0.0,1.0,0.0,0.0,0.0
ota,0.0,0.0,0.0,0.0,1.0
plr,1.0,0.0,0.0,0.0,0.0
oth,0.9,0.0,0.0,0.0,0.1
hüt,0.0,0.9333333333333333,0.06666666666666667,0.0,0.0
var,0.5,0.0,0.0,0.0,0.5
idd,0.0,1.0,0.0,0.0,0.0
ear,0.6666666666666666,0.06666666666666667,0.0,0.0,0.26666666666666666
änn,0.0,0.5,0.5,0.0,0.0
ata,0.8571428571428571,0.09523809523809523,0.0,0.0,0.047619047619047616
vue,1.0,0.0,0.0,0.0,0.0
row,1.0,0.0,0.0,0.0,0.0
fox,1.0,0.0,0.0,0.0,0.0
küs,0.0,0.0,1.0,0.0,0.0
mor,0.0,0.6842105263157895,0.3157894736842105,0.0,0.0
wcs,1.0,0.0,0.0,0.0,0.0
örb,0.0,0.3333333333333333,0.6666666666666666,0.0,0.0
d32,1.0,0.0,0.0,0.0,0.0
er-,1.0,0.0,0.0,0.0,0.0
weh,0.5,0.5,0.0,0.0,0.0
vre,1.0,0.0,0.0,0.0,0.0
ekn,0.0,1.0,0.0,0.0,0.0
cet,0.0,0.0,0.0,0.0,1.0
p32,1.0,0.0,0.0,0.0,0.0
fat,0.14285714285714285,0.42857142857142855,0.42857142857142855,0.0,0.0
dsp,0.0,0.0,0.0,0.0,1.0
utt,0.17647058823529413,0.7647058823529411,0.0,0.058823529411764705,0.0
iga,0.5,0.5,0.0,0.0,0.0
iou,0.0,0.0,0.0,0.0,1.0
pno,0.0,0.0,0.0,0.0,1.0
ur-,1.0,0.0,0.0,0.0,0.0
exy,1.0,0.0,0.0,0.0,0.0
245,1.0,0.0,0.0,0.0,0.0
bör,0.0,1.0,0.0,0.0,0.0
ürr,0.0,1.0,0.0,0.0,0.0
v2x,1.0,0.0,0.0,0.0,0.0
00-,1.0,0.0,0.0,0.0,0.0
roi,1.0,0.0,0.0,0.0,0.0
ohe,0.3333333333333333,0.6666666666666666,0.0,0.0,0.0
geh,0.3333333333333333,0.6666666666666666,0.0,0.0,0.0
hzy,1.0,0.0,0.0,0.0,0.0
hov,0.0,1.0,0.0,0.0,0.0
unz,0.0,1.0,0.0,0.0,0.0
uze,0.0,1.0,0.0,0.0,0.0
mph,0.25,0.25,0.5,0.0,0.0
oro,0.25,0.25,0.0,0.0,0.5
bix,1.0,0.0,0.0,0.0,0.0
öre,0.7,0.3,0.0,0.0,0.0
zb,1.0,0.0,0.0,0.0,0.0
elp,0.1111111111111111,0.8888888888888888,0.0,0.0,0.0
wid,0.75,0.25,0.0,0.0,0.0
nin,0.23076923076923078,0.38461538461538464,0.38461538461538464,0.0,0.0
ölz,0.0,0.8,0.0,0.2,0.0
urd,0.0,0.0,0.5,0.5,0.0
pri,1.0,0.0,0.0,0.0,0.0
c4u,1.0,0.0,0.0,0.0,0.0
lor,0.75,0.0,0.25,0.0,0.0
-19,1.0,0.0,0.0,0.0,0.0
too,1.0,0.0,0.0,0.0,0.0
bäd,0.0,0.5238095238095238,0.0,0.47619047619047616,0.0
pa,1.0,0.0,0.0,0.0,0.0
röl,0.0,1.0,0.0,0.0,0.0
fas,0.5161290322580645,0.0,0.45161290322580644,0.03225806451612903,0.0
ryx,1.0,0.0,0.0,0.0,0.0
äun,0.0,1.0,0.0,0.0,0.0
pp-,1.0,0.0,0.0,0.0,0.0
his,0.5,0.5,0.0,0.0,0.0
-do,0.0,0.0,0.0,0.0,1.0
oer,0.3333333333333333,0.6666666666666666,0.0,0.0,0.0
dna,1.0,0.0,0.0,0.0,0.0
rog,0.0,1.0,0.0,0.0,0.0
nah,0.0,1.0,0.0,0.0,0.0
äub,0.0,0.16666666666666666,0.8333333333333334,0.0,0.0
inz,0.0,0.9761904761904762,0.023809523809523808,0.0,0.0
bir,0.0,1.0,0.0,0.0,0.0
bad,0.05263157894736842,0.21052631578947367,0.0,0.7368421052631579,0.0
f20,1.0,0.0,0.0,0.0,0.0
ruß,0.0,0.2857142857142857,0.7142857142857143,0.0,0.0
für,1.0,0.0,0.0,0.0,0.0
uic,1.0,0.0,0.0,0.0,0.0
tti,1.0,0.0,0.0,0.0,0.0
apf,0.0,1.0,0.0,0.0,0.0
prh,0.0,0.0,0.0,1.0,0.0
öht,0.0,0.4,0.6,0.0,0.0
cta,0.0,0.0,0.0,0.0,1.0
uks,1.0,0.0,0.0,0.0,0.0
fum,0.3333333333333333,0.25,0.0,0.0,0.4166666666666667
elo,0.4,0.6,0.0,0.0,0.0
öhm,0.0,1.0,0.0,0.0,0.0
-gb,1.0,0.0,0.0,0.0,0.0
önn,0.06666666666666667,0.8666666666666667,0.06666666666666667,0.0,0.0
ssa,0.13043478260869565,0.8695652173913043,0.0,0.0,0.0
gam,0.0,0.0,0.0,0.0,1.0
-it,0.3333333333333333,0.0,0.0,0.0,0.6666666666666666
äse,0.45454545454545453,0.5454545454545454,0.0,0.0,0.0
ewt,0.0,1.0,0.0,0.0,0.0
pip,0.0,0.0,0.0,0.0,1.0
dan,0.0,0.8,0.0,0.0,0.2
aik,0.0,0.6666666666666666,0.0,0.0,0.3333333333333333
ais,0.8125,0.125,0.0625,0.0,0.0
rco,1.0,0.0,0.0,0.0,0.0
wiß,0.0,0.0,1.0,0.0,0.0
oze,0.0,1.0,0.0,0.0,0.0
wis,0.8,0.12,0.08,0.0,0.0
muß,0.0,1.0,0.0,0.0,0.0
ees,1.0,0.0,0.0,0.0,0.0
rap,1.0,0.0,0.0,0.0,0.0
tla,0.0,0.0,0.0,0.0,1.0
vry,1.0,0.0,0.0,0.0,0.0
beb,0.0,1.0,0.0,0.0,0.0
wan,0.0,0.42857142857142855,0.5714285714285714,0.0,0.0
51,1.0,0.0,0.0,0.0,0.0
-12,1.0,0.0,0.0,0.0,0.0
ues,1.0,0.0,0.0,0.0,0.0
ggl,0.0,0.0,0.0,0.0,1.0
-od,0.0,0.0,0.0,1.0,0.0
hön,0.05555555555555555,0.5555555555555556,0.2777777777777778,0.05555555555555555,0.05555555555555555
rsa,1.0,0.0,0.0,0.0,0.0
tle,0.6,0.0,0.0,0.0,0.4
csd,0.0,0.0,0.0,0.0,1.0
swt,1.0,0.0,0.0,0.0,0.0
sai,1.0,0.0,0.0,0.0,0.0
irs,0.5,0.0,0.5,0.0,0.0
hüs,0.0,0.0,1.0,0.0,0.0
efi,1.0,0.0,0.0,0.0,0.0
msp,0.0136986301369863,0.0,0.0,0.0,0.9863013698630136
sos,0.7142857142857143,0.0,0.2857142857142857,0.0,0.0
lby,1.0,0.0,0.0,0.0,0.0
teu,0.0,1.0,0.0,0.0,0.0
arc,1.0,0.0,0.0,0.0,0.0
ne-,1.0,0.0,0.0,0.0,0.0
ce-,1.0,0.0,0.0,0.0,0.0
ely,1.0,0.0,0.0,0.0,0.0
tax,0.9230769230769231,0.07692307692307693,0.0,0.0,0.0
ssy,1.0,0.0,0.0,0.0,0.0
dev,1.0,0.0,0.0,0.0,0.0
bzw,1.0,0.0,0.0,0.0,0.0
mbp,0.0,0.0,0.0,0.0,1.0
dir,1.0,0.0,0.0,0.0,0.0
ärz,0.0,1.0,0.0,0.0,0.0
edb,1.0,0.0,0.0,0.0,0.0
kdb,1.0,0.0,0.0,0.0,0.0
daw,0.0,0.0,0.0,0.0,1.0
aal,0.0,0.5,0.5,0.0,0.0
alg,0.0,0.9090909090909091,0.09090909090909091,0.0,0.0
ofs,1.0,0.0,0.0,0.0,0.0
qhd,1.0,0.0,0.0,0.0,0.0
esr,0.0,0.0,0.0,0.0,1.0
dde,0.5714285714285714,0.42857142857142855,0.0,0.0,0.0
ath,0.8461538461538461,0.15384615384615385,0.0,0.0,0.0
0h2,1.0,0.0,0.0,0.0,0.0
364,1.0,0.0,0.0,0.0,0.0
eaf,1.0,0.0,0.0,0.0,0.0
oao,1.0,0.0,0.0,0.0,0.0
ntg,0.14285714285714285,0.8571428571428571,0.0,0.0,0.0
got,0.25,0.25,0.25,0.0,0.25
otz,0.3333333333333333,0.25,0.4166666666666667,0.0,0.0
oms,1.0,0.0,0.0,0.0,0.0
lod,0.0,0.3333333333333333,0.0,0.6666666666666666,0.0
eob,1.0,0.0,0.0,0.0,0.0
lai,0.0,0.0,0.0,0.0,1.0
rod,0.0,0.75,0.0,0.25,0.0
sby,1.0,0.0,0.0,0.0,0.0
ago,0.3333333333333333,0.6666666666666666,0.0,0.0,0.0
uai,1.0,0.0,0.0,0.0,0.0
fur,0.2857142857142857,0.7142857142857143,0.0,0.0,0.0
hrf,0.0,0.3333333333333333,0.6666666666666666,0.0,0.0
coe,1.0,0.0,0.0,0.0,0.0
fng,0.0,1.0,0.0,0.0,0.0
iod,0.1,0.85,0.0,0.05,0.0
usa,1.0,0.0,0.0,0.0,0.0
ufl,0.0,0.8,0.0,0.2,0.0
azz,0.75,0.25,0.0,0.0,0.0
zis,0.1875,0.0,0.5625,0.0625,0.1875
ec1,1.0,0.0,0.0,0.0,0.0
yod,1.0,0.0,0.0,0.0,0.0
nz,1.0,0.0,0.0,0.0,0.0
cao,1.0,0.0,0.0,0.0,0.0
pir,0.0,0.47368421052631576,0.47368421052631576,0.0,0.05263157894736842
dft,0.0,1.0,0.0,0.0,0.0
nya,1.0,0.0,0.0,0.0,0.0
thi,0.5,0.0,0.0,0.0,0.5
cd-,1.0,0.0,0.0,0.0,0.0
pit,0.18181818181818182,0.0,0.0,0.0,0.8181818181818182
dns,1.0,0.0,0.0,0.0,0.0
gpe,0.0,1.0,0.0,0.0,0.0
360,1.0,0.0,0.0,0.0,0.0
üde,0.0,1.0,0.0,0.0,0.0
amo,0.0,1.0,0.0,0.0,0.0
bai,1.0,0.0,0.0,0.0,0.0
ugn,0.0,1.0,0.0,0.0,0.0
rni,0.5,0.5,0.0,0.0,0.0
-tv,0.25,0.0,0.0,0.0,0.75
red,0.07407407407407407,0.6666666666666666,0.18518518518518517,0.07407407407407407,0.0
pki,1.0,0.0,0.0,0.0,0.0
shs,1.0,0.0,0.0,0.0,0.0
ura,0.6774193548387096,0.0,0.0,0.0,0.3225806451612903
alv,0.0,0.4,0.4,0.2,0.0
eze,0.75,0.0,0.0,0.0,0.25
mhg,1.0,0.0,0.0,0.0,0.0
oet,0.0,1.0,0.0,0.0,0.0
yiq,1.0,0.0,0.0,0.0,0.0
cap,1.0,0.0,0.0,0.0,0.0
ect,0.5,0.2,0.0,0.0,0.3
trs,1.0,0.0,0.0,0.0,0.0
cms,1.0,0.0,0.0,0.0,0.0
dpi,1.0,0.0,0.0,0.0,0.0
häf,0.0,1.0,0.0,0.0,0.0
rpg,0.0,0.0,0.0,0.0,1.0
owd,0.375,0.5,0.0,0.125,0.0
cak,0.0,0.0,0.0,0.0,1.0
ula,0.8888888888888888,0.0,0.0,0.0,0.1111111111111111
sun,0.6666666666666666,0.3333333333333333,0.0,0.0,0.0
odo,0.4444444444444444,0.0,0.0,0.0,0.5555555555555556
ylo,0.0,1.0,0.0,0.0,0.0
orc,0.0,0.0,0.0,0.0,1.0
wex,1.0,0.0,0.0,0.0,0.0
fäd,0.0,1.0,0.0,0.0,0.0
nzu,1.0,0.0,0.0,0.0,0.0
ixt,1.0,0.0,0.0,0.0,0.0
ovo,1.0,0.0,0.0,0.0,0.0
doc,1.0,0.0,0.0,0.0,0.0
-nr,1.0,0.0,0.0,0.0,0.0
mpl,0.16666666666666666,0.0,0.16666666666666666,0.0,0.6666666666666666
ash,0.2857142857142857,0.0,0.0,0.0,0.7142857142857143
pam,0.8,0.0,0.0,0.0,0.2
klt,0.0,0.0,0.3333333333333333,0.0,0.6666666666666666
hir,0.0,0.2,0.8,0.0,0.0
igm,0.0,1.0,0.0,0.0,0.0
söd,0.0,0.0,0.0,1.0,0.0
lgt,0.4,0.4,0.2,0.0,0.0
rel,0.0,0.5,0.5,0.0,0.0
eon,0.13333333333333333,0.03333333333333333,0.0,0.0,0.8333333333333334
-x9,1.0,0.0,0.0,0.0,0.0
via,0.25,0.0,0.0,0.0,0.75
dr2,1.0,0.0,0.0,0.0,0.0
2fa,1.0,0.0,0.0,0.0,0.0
eks,1.0,0.0,0.0,0.0,0.0
amp,0.18181818181818182,0.09090909090909091,0.36363636363636365,0.0,0.36363636363636365
ece,0.25,0.25,0.0,0.0,0.5
exs,1.0,0.0,0.0,0.0,0.0
gaß,0.0,0.0,1.0,0.0,0.0
jis,1.0,0.0,0.0,0.0,0.0
num,0.2857142857142857,0.7142857142857143,0.0,0.0,0.0
eso,0.07692307692307693,0.6153846153846154,0.0,0.0,0.3076923076923077
cio,0.5,0.0,0.0,0.0,0.5
nei,0.0,1.0,0.0,0.0,0.0
avs,1.0,0.0,0.0,0.0,0.0
suo,1.0,0.0,0.0,0.0,0.0
yas,1.0,0.0,0.0,0.0,0.0
074,1.0,0.0,0.0,0.0,0.0
mäg,0.0,1.0,0.0,0.0,0.0
tls,1.0,0.0,0.0,0.0,0.0
eät,0.0,0.0,1.0,0.0,0.0
erp,1.0,0.0,0.0,0.0,0.0
sda,0.0,1.0,0.0,0.0,0.0
put,0.23529411764705882,0.29411764705882354,0.0,0.17647058823529413,0.29411764705882354
ixi,1.0,0.0,0.0,0.0,0.0
ird,0.5,0.0,0.0,0.0,0.5
sao,1.0,0.0,0.0,0.0,0.0
seo,0.14285714285714285,0.0,0.0,0.0,0.8571428571428571
os-,1.0,0.0,0.0,0.0,0.0
3xl,1.0,0.0,0.0,0.0,0.0
geg,0.0,1.0,0.0,0.0,0.0
zea,0.5,0.5,0.0,0.0,0.0
ymo,1.0,0.0,0.0,0.0,0.0
xot,0.0,0.5,0.5,0.0,0.0
ps3,1.0,0.0,0.0,0.0,0.0
älm,0.0,0.5,0.5,0.0,0.0
ypt,0.4,0.4,0.2,0.0,0.0
ll6,1.0,0.0,0.0,0.0,0.0
lma,0.0,1.0,0.0,0.0,0.0
nka,0.75,0.25,0.0,0.0,0.0
fza,1.0,0.0,0.0,0.0,0.0
irl,0.16666666666666666,0.16666666666666666,0.0,0.0,0.6666666666666666
eas,0.25,0.0,0.0,0.0,0.75
oem,0.0,0.0,0.0,0.0,1.0
mp3,1.0,0.0,0.0,0.0,0.0
urn,0.4,0.26666666666666666,0.2,0.0,0.13333333333333333
tnd,0.0,0.0,1.0,0.0,0.0
uta,0.5,0.5,0.0,0.0,0.0
lha,1.0,0.0,0.0,0.0,0.0
393,1.0,0.0,0.0,0.0,0.0
ury,0.0,0.0,0.0,0.0,1.0
üve,0.0,1.0,0.0,0.0,0.0
sup,0.2,0.0,0.0,0.8,0.0
eik,0.0,0.0,0.0,0.0,1.0
u19,1.0,0.0,0.0,0.0,0.0
guv,1.0,0.0,0.0,0.0,0.0
ily,1.0,0.0,0.0,0.0,0.0
woo,1.0,0.0,0.0,0.0,0.0
otc,1.0,0.0,0.0,0.0,0.0
mtf,0.0,0.0,0.0,0.0,1.0
spa,0.0,0.2,0.0,0.0,0.8
ylt,1.0,0.0,0.0,0.0,0.0
pas,0.4444444444444444,0.1111111111111111,0.4444444444444444,0.0,0.0
270,1.0,0.0,0.0,0.0,0.0
fei,0.0,0.6363636363636364,0.36363636363636365,0.0,0.0
600,1.0,0.0,0.0,0.0,0.0
kis,0.0,0.8333333333333334,0.16666666666666666,0.0,0.0
eru,0.0,0.0,0.0,0.0,1.0
fi-,1.0,0.0,0.0,0.0,0.0
uso,0.0,1.0,0.0,0.0,0.0
m15,1.0,0.0,0.0,0.0,0.0
ugi,0.8,0.2,0.0,0.0,0.0
ttf,1.0,0.0,0.0,0.0,0.0
kig,0.0,1.0,0.0,0.0,0.0
sle,1.0,0.0,0.0,0.0,0.0
som,0.0,0.16666666666666666,0.8333333333333334,0.0,0.0
atu,0.0,0.6,0.2,0.0,0.2
510,1.0,0.0,0.0,0.0,0.0
ot-,1.0,0.0,0.0,0.0,0.0
dic,1.0,0.0,0.0,0.0,0.0
euz,0.09090909090909091,0.9090909090909091,0.0,0.0,0.0
una,1.0,0.0,0.0,0.0,0.0
geb,0.1,0.9,0.0,0.0,0.0
fko,0.0,1.0,0.0,0.0,0.0
ats,1.0,0.0,0.0,0.0,0.0
kmo,1.0,0.0,0.0,0.0,0.0
rop,0.125,0.375,0.0,0.0,0.5
mee,0.0,0.975609756097561,0.0,0.0,0.024390243902439025
p10,1.0,0.0,0.0,0.0,0.0
yca,1.0,0.0,0.0,0.0,0.0
ilg,0.0,0.0,1.0,0.0,0.0
jüt,0.0,1.0,0.0,0.0,0.0
urk,0.0,0.47368421052631576,0.47368421052631576,0.0,0.05263157894736842
lam,0.0,0.2857142857142857,0.5714285714285714,0.0,0.14285714285714285
nle,1.0,0.0,0.0,0.0,0.0
la,1.0,0.0,0.0,0.0,0.0
guß,0.0,0.5,0.5,0.0,0.0
aye,1.0,0.0,0.0,0.0,0.0
kgo,1.0,0.0,0.0,0.0,0.0
ymk,1.0,0.0,0.0,0.0,0.0
ged,1.0,0.0,0.0,0.0,0.0
itä,1.0,0.0,0.0,0.0,0.0
aua,0.0,1.0,0.0,0.0,0.0
vms,1.0,0.0,0.0,0.0,0.0
imp,1.0,0.0,0.0,0.0,0.0
rri,1.0,0.0,0.0,0.0,0.0
dsf,1.0,0.0,0.0,0.0,0.0
opi,0.0,1.0,0.0,0.0,0.0
mmc,1.0,0.0,0.0,0.0,0.0
kar,0.25,0.0,0.75,0.0,0.0
vio,0.0,0.0,0.0,0.0,1.0
sra,1.0,0.0,0.0,0.0,0.0
kko,0.0,1.0,0.0,0.0,0.0
seq,1.0,0.0,0.0,0.0,0.0
hms,1.0,0.0,0.0,0.0,0.0
kao,1.0,0.0,0.0,0.0,0.0
auß,0.0,0.0,1.0,0.0,0.0
nod,0.08333333333333333,0.4166666666666667,0.0,0.08333333333333333,0.4166666666666667
vi,0.0,1.0,0.0,0.0,0.0
-lp,1.0,0.0,0.0,0.0,0.0
n26,1.0,0.0,0.0,0.0,0.0
äze,0.0,1.0,0.0,0.0,0.0
ovr,0.5,0.5,0.0,0.0,0.0
501,1.0,0.0,0.0,0.0,0.0
aon,0.0,1.0,0.0,0.0,0.0
zot,0.0,1.0,0.0,0.0,0.0
365,1.0,0.0,0.0,0.0,0.0
bw-,1.0,0.0,0.0,0.0,0.0
ety,1.0,0.0,0.0,0.0,0.0
s14,1.0,0.0,0.0,0.0,0.0
sil,0.047619047619047616,0.8571428571428571,0.09523809523809523,0.0,0.0
uru,0.0,0.0,0.0,0.0,1.0
iau,1.0,0.0,0.0,0.0,0.0
mos,1.0,0.0,0.0,0.0,0.0
ps-,1.0,0.0,0.0,0.0,0.0
pn-,1.0,0.0,0.0,0.0,0.0
id3,1.0,0.0,0.0,0.0,0.0
dls,1.0,0.0,0.0,0.0,0.0
igg,0.5,0.5,0.0,0.0,0.0
cit,1.0,0.0,0.0,0.0,0.0
rwe,0.0,1.0,0.0,0.0,0.0
bx2,1.0,0.0,0.0,0.0,0.0
hcp,0.0,0.0,0.0,0.0,1.0
due,1.0,0.0,0.0,0.0,0.0
lzx,1.0,0.0,0.0,0.0,0.0
ra-,1.0,0.0,0.0,0.0,0.0
2ps,1.0,0.0,0.0,0.0,0.0
5nm,1.0,0.0,0.0,0.0,0.0
tha,0.5,0.0,0.0,0.0,0.5
dbö,0.0,1.0,0.0,0.0,0.0
y41,1.0,0.0,0.0,0.0,0.0
nci,1.0,0.0,0.0,0.0,0.0
üls,0.0,0.5,0.5,0.0,0.0
üfe,0.44,0.56,0.0,0.0,0.0
bal,0.25,0.0625,0.6875,0.0,0.0
dne,0.0,1.0,0.0,0.0,0.0
gro,0.0,0.0,0.0,0.0,1.0
ay-,1.0,0.0,0.0,0.0,0.0
sp,0.0,0.0,0.0,0.0,1.0
ßig,0.0,0.5714285714285714,0.0,0.42857142857142855,0.0
fze,0.0,1.0,0.0,0.0,0.0
ric,0.3333333333333333,0.0,0.0,0.0,0.6666666666666666
düv,1.0,0.0,0.0,0.0,0.0
3rd,1.0,0.0,0.0,0.0,0.0
sja,1.0,0.0,0.0,0.0,0.0
olt,0.2857142857142857,0.42857142857142855,0.2857142857142857,0.0,0.0
rmo,0.1,0.9,0.0,0.0,0.0
26a,1.0,0.0,0.0,0.0,0.0
zzl,0.0,0.0,0.5,0.0,0.5
bap,1.0,0.0,0.0,0.0,0.0
ava,0.9090909090909091,0.0,0.0,0.0,0.09090909090909091
lfi,0.0,1.0,0.0,0.0,0.0
-1s,1.0,0.0,0.0,0.0,0.0
hyl,0.0,1.0,0.0,0.0,0.0
afn,0.0,0.0,0.0,0.0,1.0
ims,1.0,0.0,0.0,0.0,0.0
pse,0.06666666666666667,0.8666666666666667,0.0,0.0,0.06666666666666667
haz,0.0,1.0,0.0,0.0,0.0
cie,0.3333333333333333,0.0,0.0,0.0,0.6666666666666666
nys,1.0,0.0,0.0,0.0,0.0
uve,0.3333333333333333,0.6666666666666666,0.0,0.0,0.0
opr,0.0,1.0,0.0,0.0,0.0
p68,1.0,0.0,0.0,0.0,0.0
570,1.0,0.0,0.0,0.0,0.0
rbi,0.5,0.5,0.0,0.0,0.0
oc-,1.0,0.0,0.0,0.0,0.0
mar,0.0,0.625,0.125,0.125,0.125
ält,0.034482758620689655,0.20689655172413793,0.7586206896551724,0.0,0.0
übt,0.0,0.0,1.0,0.0,0.0
bly,1.0,0.0,0.0,0.0,0.0
aeo,0.0,0.0,0.0,0.0,1.0
eun,0.0,1.0,0.0,0.0,0.0
day,0.08333333333333333,0.0,0.0,0.0,0.9166666666666666
cre,0.0,1.0,0.0,0.0,0.0
sca,1.0,0.0,0.0,0.0,0.0
uti,0.0,0.75,0.0,0.0,0.25
dau,1.0,0.0,0.0,0.0,0.0
-18,1.0,0.0,0.0,0.0,0.0
-4-,1.0,0.0,0.0,0.0,0.0
liß,0.0,0.0,1.0,0.0,0.0
wse,0.0,1.0,0.0,0.0,0.0
arv,0.0,1.0,0.0,0.0,0.0
i30,1.0,0.0,0.0,0.0,0.0
ebn,0.5,0.5,0.0,0.0,0.0
onz,0.0,1.0,0.0,0.0,0.0
rmi,0.0,0.75,0.0,0.0,0.25
ldi,1.0,0.0,0.0,0.0,0.0
dam,0.25,0.625,0.0,0.0,0.125
ämi,0.0,1.0,0.0,0.0,0.0
ngt,0.25,0.5,0.25,0.0,0.0
rca,1.0,0.0,0.0,0.0,0.0
päd,0.0,1.0,0.0,0.0,0.0
vus,1.0,0.0,0.0,0.0,0.0
nli,1.0,0.0,0.0,0.0,0.0
öls,1.0,0.0,0.0,0.0,0.0
0hk,1.0,0.0,0.0,0.0,0.0
ifs,1.0,0.0,0.0,0.0,0.0
vde,1.0,0.0,0.0,0.0,0.0
cup,0.5,0.0,0.0,0.0,0.5
öhn,0.0,0.7777777777777778,0.2222222222222222,0.0,0.0
wel,0.25,0.625,0.125,0.0,0.0
ärm,0.0,0.13333333333333333,0.8666666666666667,0.0,0.0
a35,1.0,0.0,0.0,0.0,0.0
93d,1.0,0.0,0.0,0.0,0.0
she,0.0,0.0,0.0,0.0,1.0
-un,1.0,0.0,0.0,0.0,0.0
zän,1.0,0.0,0.0,0.0,0.0
ozä,0.0,1.0,0.0,0.0,0.0
idt,1.0,0.0,0.0,0.0,0.0
cwp,1.0,0.0,0.0,0.0,0.0
cot,0.0,0.0,0.75,0.0,0.25
-22,1.0,0.0,0.0,0.0,0.0
pa-,1.0,0.0,0.0,0.0,0.0
rrt,0.0,0.0,1.0,0.0,0.0
pd1,1.0,0.0,0.0,0.0,0.0
asi,0.0,0.0,0.0,0.0,1.0
g71,1.0,0.0,0.0,0.0,0.0
omb,0.0,1.0,0.0,0.0,0.0
odd,0.0,0.0,0.0,1.0,0.0
aet,1.0,0.0,0.0,0.0,0.0
xte,0.7619047619047619,0.23809523809523808,0.0,0.0,0.0
-ft,1.0,0.0,0.0,0.0,0.0
206,1.0,0.0,0.0,0.0,0.0
oas,0.5,0.5,0.0,0.0,0.0
-es,1.0,0.0,0.0,0.0,0.0
n-g,0.0,1.0,0.0,0.0,0.0
rgt,0.9565217391304348,0.043478260869565216,0.0,0.0,0.0
eud,0.14285714285714285,0.2857142857142857,0.14285714285714285,0.2857142857142857,0.14285714285714285
sus,0.75,0.25,0.0,0.0,0.0
sds,1.0,0.0,0.0,0.0,0.0
gik,0.0,1.0,0.0,0.0,0.0
riz,0.0,0.9333333333333333,0.0,0.0,0.06666666666666667
obb,0.0,1.0,0.0,0.0,0.0
kfz,1.0,0.0,0.0,0.0,0.0
mod,0.45454545454545453,0.18181818181818182,0.0,0.0,0.36363636363636365
px7,1.0,0.0,0.0,0.0,0.0
kws,1.0,0.0,0.0,0.0,0.0
sgo,1.0,0.0,0.0,0.0,0.0
19-,1.0,0.0,0.0,0.0,0.0
916,1.0,0.0,0.0,0.0,0.0
ood,1.0,0.0,0.0,0.0,0.0
aym,0.0,0.75,0.25,0.0,0.0
dvd,0.5,0.0,0.0,0.0,0.5
cay,1.0,0.0,0.0,0.0,0.0
rix,0.3333333333333333,0.6666666666666666,0.0,0.0,0.0
gag,0.0,0.0,0.0,0.0,1.0
seg,0.0,1.0,0.0,0.0,0.0
ygg,0.0,1.0,0.0,0.0,0.0
töß,0.0,1.0,0.0,0.0,0.0
mpi,1.0,0.0,0.0,0.0,0.0
dün,0.0,0.9473684210526315,0.05263157894736842,0.0,0.0
iru,0.0,0.0,0.0,0.0,1.0
dks,1.0,0.0,0.0,0.0,0.0
dze,1.0,0.0,0.0,0.0,0.0
rks,1.0,0.0,0.0,0.0,0.0
rtu,1.0,0.0,0.0,0.0,0.0
rnu,1.0,0.0,0.0,0.0,0.0
öen,1.0,0.0,0.0,0.0,0.0
ay2,1.0,0.0,0.0,0.0,0.0
xes,1.0,0.0,0.0,0.0,0.0
abz,1.0,0.0,0.0,0.0,0.0
ati,0.3333333333333333,0.3333333333333333,0.0,0.0,0.3333333333333333
rbs,0.0,1.0,0.0,0.0,0.0
nvr,1.0,0.0,0.0,0.0,0.0
loe,0.0,0.0,0.0,0.0,1.0
wow,1.0,0.0,0.0,0.0,0.0
tub,0.0,0.0,0.0,0.0,1.0
dür,0.0,1.0,0.0,0.0,0.0
wir,0.8,0.0,0.2,0.0,0.0
vme,1.0,0.0,0.0,0.0,0.0
utu,1.0,0.0,0.0,0.0,0.0
vim,1.0,0.0,0.0,0.0,0.0
wls,1.0,0.0,0.0,0.0,0.0
pst,0.0,0.6666666666666666,0.3333333333333333,0.0,0.0
gnw,1.0,0.0,0.0,0.0,0.0
i5-,1.0,0.0,0.0,0.0,0.0
ois,0.6666666666666666,0.0,0.0,0.0,0.3333333333333333
mäl,0.0,0.0,0.0,1.0,0.0
zum,0.0,1.0,0.0,0.0,0.0
juu,1.0,0.0,0.0,0.0,0.0
pcb,0.0,0.0,0.0,0.0,1.0
abi,0.0,1.0,0.0,0.0,0.0
leu,0.0,0.0,0.0,0.0,1.0
cka,0.0,1.0,0.0,0.0,0.0
wig,0.0,1.0,0.0,0.0,0.0
aly,0.3333333333333333,0.5,0.0,0.0,0.16666666666666666
bys,1.0,0.0,0.0,0.0,0.0
ct-,1.0,0.0,0.0,0.0,0.0
güs,0.0,0.14285714285714285,0.8571428571428571,0.0,0.0
ako,0.0,1.0,0.0,0.0,0.0
saf,0.0,0.0,0.0,0.0,1.0
ne5,1.0,0.0,0.0,0.0,0.0
rdx,1.0,0.0,0.0,0.0,0.0
tml,1.0,0.0,0.0,0.0,0.0
soß,0.0,0.0,1.0,0.0,0.0
bri,1.0,0.0,0.0,0.0,0.0
aos,1.0,0.0,0.0,0.0,0.0
eus,0.8571428571428571,0.14285714285714285,0.0,0.0,0.0
obp,1.0,0.0,0.0,0.0,0.0
aed,0.0,0.0,0.0,1.0,0.0
ced,1.0,0.0,0.0,0.0,0.0
rai,1.0,0.0,0.0,0.0,0.0
esp,0.08333333333333333,0.8333333333333334,0.0,0.0,0.08333333333333333
ugl,0.0,0.0,0.0,0.0,1.0
xby,1.0,0.0,0.0,0.0,0.0
xur,0.3333333333333333,0.0,0.6666666666666666,0.0,0.0
mum,0.06666666666666667,0.9333333333333333,0.0,0.0,0.0
nas,0.1111111111111111,0.6666666666666666,0.2222222222222222,0.0,0.0
bhr,0.0,1.0,0.0,0.0,0.0
xig,0.0,0.0,1.0,0.0,0.0
uft,0.0,0.625,0.375,0.0,0.0
xin,0.25,0.25,0.5,0.0,0.0
hia,0.0,0.0,0.0,0.0,1.0
sör,0.0,0.0,1.0,0.0,0.0
jic,0.0,0.0,0.0,0.0,1.0
iha,1.0,0.0,0.0,0.0,0.0
t40,1.0,0.0,0.0,0.0,0.0
eue,0.1111111111111111,0.7777777777777778,0.0,0.0,0.1111111111111111
a24,1.0,0.0,0.0,0.0,0.0
mog,0.0,0.3333333333333333,0.0,0.0,0.6666666666666666
olo,0.75,0.125,0.0,0.0,0.125
exi,1.0,0.0,0.0,0.0,0.0
mut,1.0,0.0,0.0,0.0,0.0
töl,1.0,0.0,0.0,0.0,0.0
kxx,1.0,0.0,0.0,0.0,0.0
ko,0.0,0.0,0.0,0.0,1.0
rto,0.6,0.1,0.0,0.0,0.3
aha,0.25,0.0,0.0,0.0,0.75
usd,0.75,0.0,0.0,0.25,0.0
a12,1.0,0.0,0.0,0.0,0.0
trg,0.0,1.0,0.0,0.0,0.0
ro-,1.0,0.0,0.0,0.0,0.0
uki,0.7142857142857143,0.0,0.0,0.0,0.2857142857142857
mun,0.0,1.0,0.0,0.0,0.0
f04,1.0,0.0,0.0,0.0,0.0
üme,0.75,0.25,0.0,0.0,0.0
84,1.0,0.0,0.0,0.0,0.0
p3-,1.0,0.0,0.0,0.0,0.0
uee,0.0,1.0,0.0,0.0,0.0
dae,1.0,0.0,0.0,0.0,0.0
usn,0.0,0.0,0.0,0.0,1.0
bni,0.0,0.0,0.0,0.0,1.0
-60,1.0,0.0,0.0,0.0,0.0
imt,1.0,0.0,0.0,0.0,0.0
uha,0.0,1.0,0.0,0.0,0.0
10z,1.0,0.0,0.0,0.0,0.0
bob,0.0,0.0,0.0,0.0,1.0
wde,0.0,1.0,0.0,0.0,0.0
spy,1.0,0.0,0.0,0.0,0.0
aoh,1.0,0.0,0.0,0.0,0.0
oal,0.0,0.0,0.0,0.0,1.0
lln,1.0,0.0,0.0,0.0,0.0
vca,0.0,0.0,0.0,0.0,1.0
rok,1.0,0.0,0.0,0.0,0.0
aoi,1.0,0.0,0.0,0.0,0.0
kke,0.0,1.0,0.0,0.0,0.0
613,1.0,0.0,0.0,0.0,0.0
545,1.0,0.0,0.0,0.0,0.0
oxy,1.0,0.0,0.0,0.0,0.0
fst,0.5,0.5,0.0,0.0,0.0
kce,0.0,1.0,0.0,0.0,0.0
gym,1.0,0.0,0.0,0.0,0.0
ogd,0.0,1.0,0.0,0.0,0.0
twa,0.25,0.0,0.0,0.0,0.75
n-s,0.0,1.0,0.0,0.0,0.0
ihk,1.0,0.0,0.0,0.0,0.0
üms,0.8333333333333334,0.0,0.0,0.0,0.16666666666666666
tso,0.0,0.0,0.0,0.0,1.0
egn,0.0,1.0,0.0,0.0,0.0
813,1.0,0.0,0.0,0.0,0.0
chl,0.6666666666666666,0.0,0.3333333333333333,0.0,0.0
lcd,0.5,0.0,0.0,0.0,0.5
eha,1.0,0.0,0.0,0.0,0.0
tru,0.0,0.0,0.0,0.0,1.0
tiq,1.0,0.0,0.0,0.0,0.0
ril,0.5,0.25,0.25,0.0,0.0
lwe,0.0,1.0,0.0,0.0,0.0
jvm,1.0,0.0,0.0,0.0,0.0
lth,1.0,0.0,0.0,0.0,0.0
tme,0.0,1.0,0.0,0.0,0.0
wok,0.0,1.0,0.0,0.0,0.0
ilt,0.0,0.3333333333333333,0.26666666666666666,0.2,0.2
ib-,1.0,0.0,0.0,0.0,0.0
lsn,0.0,1.0,0.0,0.0,0.0
cea,1.0,0.0,0.0,0.0,0.0
dti,1.0,0.0,0.0,0.0,0.0
ezi,0.0,0.0,0.0,0.0,1.0
vri,1.0,0.0,0.0,0.0,0.0
hdi,1.0,0.0,0.0,0.0,0.0
bmw,0.6666666666666666,0.0,0.0,0.0,0.3333333333333333
908,1.0,0.0,0.0,0.0,0.0
-2a,1.0,0.0,0.0,0.0,0.0
isi,1.0,0.0,0.0,0.0,0.0
di,0.0,0.0,0.0,0.5,0.5
0nm,1.0,0.0,0.0,0.0,0.0
on-,1.0,0.0,0.0,0.0,0.0
erf,0.0,1.0,0.0,0.0,0.0
imo,1.0,0.0,0.0,0.0,0.0
8er,1.0,0.0,0.0,0.0,0.0
rpy,1.0,0.0,0.0,0.0,0.0
veg,0.0,1.0,0.0,0.0,0.0
5mb,1.0,0.0,0.0,0.0,0.0
jay,0.0,0.0,0.0,0.0,1.0
330,1.0,0.0,0.0,0.0,0.0
läh,0.0,1.0,0.0,0.0,0.0
ady,0.8571428571428571,0.0,0.0,0.0,0.14285714285714285
ndh,1.0,0.0,0.0,0.0,0.0
vst,0.0,1.0,0.0,0.0,0.0
air,0.0,0.14285714285714285,0.0,0.14285714285714285,0.7142857142857143
rvo,0.6666666666666666,0.0,0.0,0.0,0.3333333333333333
mi-,1.0,0.0,0.0,0.0,0.0
eav,0.0,0.5,0.0,0.5,0.0
in-,1.0,0.0,0.0,0.0,0.0
dxc,1.0,0.0,0.0,0.0,0.0
en-,1.0,0.0,0.0,0.0,0.0
tty,1.0,0.0,0.0,0.0,0.0
pra,1.0,0.0,0.0,0.0,0.0
msa,0.8333333333333334,0.16666666666666666,0.0,0.0,0.0
6er,1.0,0.0,0.0,0.0,0.0
0mx,1.0,0.0,0.0,0.0,0.0
0hz,1.0,0.0,0.0,0.0,0.0
tts,1.0,0.0,0.0,0.0,0.0
rim,0.6666666666666666,0.0,0.3333333333333333,0.0,0.0
rzu,1.0,0.0,0.0,0.0,0.0
aib,0.5,0.0,0.5,0.0,0.0
ünn,0.0,0.5,0.5,0.0,0.0
yoo,1.0,0.0,0.0,0.0,0.0
tcc,1.0,0.0,0.0,0.0,0.0
lok,0.75,0.25,0.0,0.0,0.0
piß,0.0,0.0,1.0,0.0,0.0
ev2,1.0,0.0,0.0,0.0,0.0
p8,1.0,0.0,0.0,0.0,0.0
zäh,1.0,0.0,0.0,0.0,0.0
itb,1.0,0.0,0.0,0.0,0.0
flg,1.0,0.0,0.0,0.0,0.0
ud-,1.0,0.0,0.0,0.0,0.0
lns,1.0,0.0,0.0,0.0,0.0
nbs,1.0,0.0,0.0,0.0,0.0
olu,1.0,0.0,0.0,0.0,0.0
ufs,1.0,0.0,0.0,0.0,0.0
ci,0.0,0.0,0.0,0.0,1.0
oho,1.0,0.0,0.0,0.0,0.0
eza,1.0,0.0,0.0,0.0,0.0
ibo,1.0,0.0,0.0,0.0,0.0
t24,1.0,0.0,0.0,0.0,0.0
fun,0.5,0.5,0.0,0.0,0.0
gs-,1.0,0.0,0.0,0.0,0.0
pmp,1.0,0.0,0.0,0.0,0.0
btm,0.0,0.0,0.0,0.0,1.0
fll,0.0,1.0,0.0,0.0,0.0
ipc,0.0,0.0,0.0,0.0,1.0
ded,0.6666666666666666,0.0,0.3333333333333333,0.0,0.0
dym,1.0,0.0,0.0,0.0,0.0
9ps,1.0,0.0,0.0,0.0,0.0
afr,1.0,0.0,0.0,0.0,0.0
ml5,1.0,0.0,0.0,0.0,0.0
vs,1.0,0.0,0.0,0.0,0.0
-ki,1.0,0.0,0.0,0.0,0.0
al-,1.0,0.0,0.0,0.0,0.0
we,0.0,1.0,0.0,0.0,0.0
dav,1.0,0.0,0.0,0.0,0.0
loy,1.0,0.0,0.0,0.0,0.0
aki,0.25,0.0,0.0,0.0,0.75
25,1.0,0.0,0.0,0.0,0.0
efl,1.0,0.0,0.0,0.0,0.0
zym,0.0,0.5,0.5,0.0,0.0
ony,0.0,0.0,0.0,0.0,1.0
kür,0.0,1.0,0.0,0.0,0.0
rdi,0.0,0.625,0.0,0.0,0.375
f11,1.0,0.0,0.0,0.0,0.0
zmo,1.0,0.0,0.0,0.0,0.0
-te,0.3333333333333333,0.6666666666666666,0.0,0.0,0.0
hps,1.0,0.0,0.0,0.0,0.0
-20,1.0,0.0,0.0,0.0,0.0
esa,0.0,0.0,0.0,0.0,1.0
tow,0.0,1.0,0.0,0.0,0.0
d-g,0.0,1.0,0.0,0.0,0.0
rln,1.0,0.0,0.0,0.0,0.0
eep,1.0,0.0,0.0,0.0,0.0
eau,0.06666666666666667,0.0,0.0,0.0,0.9333333333333333
768,1.0,0.0,0.0,0.0,0.0
40p,1.0,0.0,0.0,0.0,0.0
nea,1.0,0.0,0.0,0.0,0.0
rän,0.0,0.8181818181818182,0.09090909090909091,0.09090909090909091,0.0
rsh,1.0,0.0,0.0,0.0,0.0
vse,0.0,1.0,0.0,0.0,0.0
axs,1.0,0.0,0.0,0.0,0.0
irr,0.125,0.875,0.0,0.0,0.0
-ms,1.0,0.0,0.0,0.0,0.0
050,1.0,0.0,0.0,0.0,0.0
aan,0.6666666666666666,0.0,0.0,0.0,0.3333333333333333
wat,0.0,0.0,1.0,0.0,0.0
nae,1.0,0.0,0.0,0.0,0.0
mia,1.0,0.0,0.0,0.0,0.0
10s,1.0,0.0,0.0,0.0,0.0
vti,1.0,0.0,0.0,0.0,0.0
kaß,0.0,0.0,1.0,0.0,0.0
ps2,1.0,0.0,0.0,0.0,0.0
yic,1.0,0.0,0.0,0.0,0.0
kch,0.0,1.0,0.0,0.0,0.0
810,1.0,0.0,0.0,0.0,0.0
abu,0.09090909090909091,0.0,0.0,0.0,0.9090909090909091
hro,1.0,0.0,0.0,0.0,0.0
apo,1.0,0.0,0.0,0.0,0.0
cme,0.0,1.0,0.0,0.0,0.0
ahe,0.0,1.0,0.0,0.0,0.0
avo,0.0,0.0,0.0,0.0,1.0
b,0.0,0.0,0.0,0.0,1.0
oca,0.0,0.0,0.0,0.0,1.0
cat,0.2,0.0,0.5333333333333333,0.0,0.26666666666666666
sna,1.0,0.0,0.0,0.0,0.0
21e,1.0,0.0,0.0,0.0,0.0
139,1.0,0.0,0.0,0.0,0.0
luk,0.0,1.0,0.0,0.0,0.0
-ag,0.3333333333333333,0.0,0.0,0.0,0.6666666666666666
wän,0.0,1.0,0.0,0.0,0.0
lue,1.0,0.0,0.0,0.0,0.0
acy,1.0,0.0,0.0,0.0,0.0
o-1,1.0,0.0,0.0,0.0,0.0
sec,1.0,0.0,0.0,0.0,0.0
eez,0.0,0.0,0.0,1.0,0.0
sdn,1.0,0.0,0.0,0.0,0.0
bez,1.0,0.0,0.0,0.0,0.0
cto,1.0,0.0,0.0,0.0,0.0
apt,0.4,0.4,0.0,0.2,0.0
usp,0.0,0.0,0.0,0.0,1.0
dän,1.0,0.0,0.0,0.0,0.0
tap,1.0,0.0,0.0,0.0,0.0
eye,1.0,0.0,0.0,0.0,0.0
id4,1.0,0.0,0.0,0.0,0.0
cl6,1.0,0.0,0.0,0.0,0.0
düs,0.0,1.0,0.0,0.0,0.0
98k,1.0,0.0,0.0,0.0,0.0
uip,1.0,0.0,0.0,0.0,0.0
das,1.0,0.0,0.0,0.0,0.0
lep,1.0,0.0,0.0,0.0,0.0
bee,0.8333333333333334,0.0,0.0,0.0,0.16666666666666666
öll,0.0,0.6,0.4,0.0,0.0
dms,1.0,0.0,0.0,0.0,0.0
etn,1.0,0.0,0.0,0.0,0.0
uct,0.8333333333333334,0.0,0.0,0.0,0.16666666666666666
tgv,0.0,0.0,0.0,0.0,1.0
dhi,0.0,0.0,0.0,0.0,1.0
oga,1.0,0.0,0.0,0.0,0.0
2mm,1.0,0.0,0.0,0.0,0.0
pbs,1.0,0.0,0.0,0.0,0.0
nüß,0.0,0.10526315789473684,0.8947368421052632,0.0,0.0
gug,0.0,1.0,0.0,0.0,0.0
oul,0.2,0.0,0.0,0.0,0.8
aas,1.0,0.0,0.0,0.0,0.0
d-v,1.0,0.0,0.0,0.0,0.0
pre,0.0,1.0,0.0,0.0,0.0
rgb,1.0,0.0,0.0,0.0,0.0
edt,0.0,1.0,0.0,0.0,0.0
ölf,0.23076923076923078,0.7692307692307693,0.0,0.0,0.0
ngi,1.0,0.0,0.0,0.0,0.0
fe-,1.0,0.0,0.0,0.0,0.0
fe2,1.0,0.0,0.0,0.0,0.0
db,1.0,0.0,0.0,0.0,0.0
yri,1.0,0.0,0.0,0.0,0.0
fae,1.0,0.0,0.0,0.0,0.0
chy,0.0,0.0,0.0,0.0,1.0
pät,0.0,1.0,0.0,0.0,0.0
fsf,1.0,0.0,0.0,0.0,0.0
bli,1.0,0.0,0.0,0.0,0.0
25x,1.0,0.0,0.0,0.0,0.0
vür,0.0,1.0,0.0,0.0,0.0
25-,1.0,0.0,0.0,0.0,0.0
adu,1.0,0.0,0.0,0.0,0.0
29-,1.0,0.0,0.0,0.0,0.0
gem,0.5,0.0,0.0,0.0,0.5
nim,0.4,0.0,0.2,0.0,0.4
rou,0.0,1.0,0.0,0.0,0.0
tsi,1.0,0.0,0.0,0.0,0.0
cbs,1.0,0.0,0.0,0.0,0.0
nnn,1.0,0.0,0.0,0.0,0.0
sli,1.0,0.0,0.0,0.0,0.0
gfs,1.0,0.0,0.0,0.0,0.0
ei-,1.0,0.0,0.0,0.0,0.0
382,1.0,0.0,0.0,0.0,0.0
00h,1.0,0.0,0.0,0.0,0.0
mdb,1.0,0.0,0.0,0.0,0.0
hkn,0.0,0.0,0.0,0.0,1.0
hfx,1.0,0.0,0.0,0.0,0.0
olm,0.0,0.0,1.0,0.0,0.0
öst,0.0,1.0,0.0,0.0,0.0
r4x,1.0,0.0,0.0,0.0,0.0
s21,1.0,0.0,0.0,0.0,0.0
at5,1.0,0.0,0.0,0.0,0.0
roh,0.05555555555555555,0.8333333333333334,0.1111111111111111,0.0,0.0
tic,0.2,0.0,0.0,0.0,0.8
fta,0.0,1.0,0.0,0.0,0.0
rae,1.0,0.0,0.0,0.0,0.0
eöl,0.6666666666666666,0.3333333333333333,0.0,0.0,0.0
inc,1.0,0.0,0.0,0.0,0.0
jam,0.0,0.0,0.0,0.0,1.0
amu,1.0,0.0,0.0,0.0,0.0
yly,1.0,0.0,0.0,0.0,0.0
wks,1.0,0.0,0.0,0.0,0.0
cpu,1.0,0.0,0.0,0.0,0.0
acl,0.0,0.0,0.0,0.0,1.0
mam,0.0,0.0,0.0,0.0,1.0
boh,0.0,1.0,0.0,0.0,0.0
hmt,0.0,0.375,0.625,0.0,0.0
iqu,0.0,1.0,0.0,0.0,0.0
kha,0.0,0.0,0.0,0.0,1.0
deg,0.0,0.5,0.5,0.0,0.0
rfu,1.0,0.0,0.0,0.0,0.0
ows,1.0,0.0,0.0,0.0,0.0
rak,0.0,0.6666666666666666,0.0,0.0,0.3333333333333333
rki,0.0,0.0,0.0,0.0,1.0
-07,1.0,0.0,0.0,0.0,0.0
jfs,1.0,0.0,0.0,0.0,0.0
gos,1.0,0.0,0.0,0.0,0.0
tif,0.3333333333333333,0.0,0.0,0.0,0.6666666666666666
rux,1.0,0.0,0.0,0.0,0.0
ewa,1.0,0.0,0.0,0.0,0.0
nzo,0.3333333333333333,0.6666666666666666,0.0,0.0,0.0
oä,1.0,0.0,0.0,0.0,0.0
32a,1.0,0.0,0.0,0.0,0.0
nwx,1.0,0.0,0.0,0.0,0.0
oam,0.8333333333333334,0.0,0.0,0.0,0.16666666666666666
kne,0.8333333333333334,0.16666666666666666,0.0,0.0,0.0
800,1.0,0.0,0.0,0.0,0.0
el-,1.0,0.0,0.0,0.0,0.0
iys,1.0,0.0,0.0,0.0,0.0
ssu,0.0,0.0,0.0,0.0,1.0
avy,1.0,0.0,0.0,0.0,0.0
yim,0.0,1.0,0.0,0.0,0.0
tol,0.0,1.0,0.0,0.0,0.0
x04,1.0,0.0,0.0,0.0,0.0
200,1.0,0.0,0.0,0.0,0.0
iht,0.0,0.4,0.6,0.0,0.0
anu,0.75,0.0,0.0,0.0,0.25
gks,1.0,0.0,0.0,0.0,0.0
mox,1.0,0.0,0.0,0.0,0.0
mem,0.0,0.0,1.0,0.0,0.0
dme,1.0,0.0,0.0,0.0,0.0
aap,1.0,0.0,0.0,0.0,0.0
eju,1.0,0.0,0.0,0.0,0.0
sma,0.0,1.0,0.0,0.0,0.0
qut,1.0,0.0,0.0,0.0,0.0
hna,1.0,0.0,0.0,0.0,0.0
nau,0.0,0.5,0.5,0.0,0.0
aeu,0.0,0.0,0.0,0.0,1.0
to2,1.0,0.0,0.0,0.0,0.0
nöl,0.2,0.8,0.0,0.0,0.0
gma,0.5,0.5,0.0,0.0,0.0
mbo,0.0,0.0,0.0,0.0,1.0
bab,0.0,0.0,0.0,0.0,1.0
uhd,1.0,0.0,0.0,0.0,0.0
dax,1.0,0.0,0.0,0.0,0.0
hft,0.5,0.5,0.0,0.0,0.0
ctv,0.0,0.0,0.0,0.0,1.0
atp,1.0,0.0,0.0,0.0,0.0
roe,0.5,0.0,0.0,0.0,0.5
lks,1.0,0.0,0.0,0.0,0.0
smo,1.0,0.0,0.0,0.0,0.0
t-g,0.0,1.0,0.0,0.0,0.0
dzr,1.0,0.0,0.0,0.0,0.0
toy,0.0,0.0,0.0,0.0,1.0
ay5,1.0,0.0,0.0,0.0,0.0
fch,0.0,1.0,0.0,0.0,0.0
cow,0.0,0.0,0.0,0.0,1.0
zos,1.0,0.0,0.0,0.0,0.0
psi,0.0,1.0,0.0,0.0,0.0
122,1.0,0.0,0.0,0.0,0.0
lux,1.0,0.0,0.0,0.0,0.0
fqn,0.0,0.0,0.0,0.0,1.0
neß,0.0,0.0,1.0,0.0,0.0
usi,0.0,1.0,0.0,0.0,0.0
foe,1.0,0.0,0.0,0.0,0.0
gc-,1.0,0.0,0.0,0.0,0.0
moß,0.0,0.0,1.0,0.0,0.0
mti,1.0,0.0,0.0,0.0,0.0
sd2,1.0,0.0,0.0,0.0,0.0
rnv,1.0,0.0,0.0,0.0,0.0
ünf,0.0,0.0,1.0,0.0,0.0
rko,0.0,1.0,0.0,0.0,0.0
32-,1.0,0.0,0.0,0.0,0.0
qaq,1.0,0.0,0.0,0.0,0.0
sös,0.0,0.0,1.0,0.0,0.0
tzs,1.0,0.0,0.0,0.0,0.0
är,0.0,1.0,0.0,0.0,0.0
giv,0.0,0.0,1.0,0.0,0.0
gra,0.16666666666666666,0.0,0.0,0.0,0.8333333333333334
zt,1.0,0.0,0.0,0.0,0.0
pvo,1.0,0.0,0.0,0.0,0.0
ehd,0.0,1.0,0.0,0.0,0.0
kei,0.0,1.0,0.0,0.0,0.0
poi,0.0,0.0,0.0,0.0,1.0
opö,0.0,1.0,0.0,0.0,0.0
mux,1.0,0.0,0.0,0.0,0.0
töf,0.0,1.0,0.0,0.0,0.0
nni,0.5,0.5,0.0,0.0,0.0
ibx,1.0,0.0,0.0,0.0,0.0
nül,0.0,0.5,0.5,0.0,0.0
ckr,1.0,0.0,0.0,0.0,0.0
nol,0.16666666666666666,0.3333333333333333,0.5,0.0,0.0
hke,0.0,1.0,0.0,0.0,0.0
yos,1.0,0.0,0.0,0.0,0.0
mm,1.0,0.0,0.0,0.0,0.0
vwo,1.0,0.0,0.0,0.0,0.0
-mp,1.0,0.0,0.0,0.0,0.0
3xm,1.0,0.0,0.0,0.0,0.0
jad,0.0,1.0,0.0,0.0,0.0
mcs,1.0,0.0,0.0,0.0,0.0
fol,0.0,1.0,0.0,0.0,0.0
ev,1.0,0.0,0.0,0.0,0.0
mlr,1.0,0.0,0.0,0.0,0.0
061,1.0,0.0,0.0,0.0,0.0
16i,1.0,0.0,0.0,0.0,0.0
cte,1.0,0.0,0.0,0.0,0.0
ish,0.0,0.0,0.0,0.0,1.0
msi,1.0,0.0,0.0,0.0,0.0
gds,1.0,0.0,0.0,0.0,0.0
shn,0.0,1.0,0.0,0.0,0.0
aam,1.0,0.0,0.0,0.0,0.0
oko,0.0,0.5,0.0,0.0,0.5
750,1.0,0.0,0.0,0.0,0.0
htz,0.0,1.0,0.0,0.0,0.0
may,0.5,0.0,0.0,0.0,0.5
plm,1.0,0.0,0.0,0.0,0.0
o4j,1.0,0.0,0.0,0.0,0.0
dox,0.0,0.5,0.5,0.0,0.0
pil,0.0,0.16666666666666666,0.5,0.0,0.3333333333333333
lti,0.75,0.0,0.0,0.0,0.25
agu,0.0,1.0,0.0,0.0,0.0
fäs,0.0,0.5,0.5,0.0,0.0
csi,1.0,0.0,0.0,0.0,0.0
zik,0.0,1.0,0.0,0.0,0.0
ocd,1.0,0.0,0.0,0.0,0.0
lgi,0.0,1.0,0.0,0.0,0.0
lob,0.8,0.0,0.0,0.0,0.2
ößt,0.0,1.0,0.0,0.0,0.0
sex,0.0,0.0,1.0,0.0,0.0
m-0,1.0,0.0,0.0,0.0,0.0
wör,0.0,1.0,0.0,0.0,0.0
aqi,1.0,0.0,0.0,0.0,0.0
ipo,1.0,0.0,0.0,0.0,0.0
-31,1.0,0.0,0.0,0.0,0.0
aco,0.0,0.0,0.0,0.0,1.0
par,0.0,0.625,0.375,0.0,0.0
pic,0.0,0.0,0.0,0.0,1.0
920,0.0,1.0,0.0,0.0,0.0
vig,0.3333333333333333,0.6666666666666666,0.0,0.0,0.0
xon,0.0,1.0,0.0,0.0,0.0
eap,1.0,0.0,0.0,0.0,0.0
rns,1.0,0.0,0.0,0.0,0.0
kpf,0.5,0.0,0.5,0.0,0.0
eka,0.0,1.0,0.0,0.0,0.0
asm,0.0,1.0,0.0,0.0,0.0
räl,0.0,1.0,0.0,0.0,0.0
jla,1.0,0.0,0.0,0.0,0.0
sia,0.0,0.0,0.0,0.0,1.0
wng,0.0,1.0,0.0,0.0,0.0
eli,0.0,0.0,0.0,0.0,1.0
106,1.0,0.0,0.0,0.0,0.0
se,0.0,0.0,0.0,0.0,1.0
fod,0.0,0.0,0.0,1.0,0.0
wrt,1.0,0.0,0.0,0.0,0.0
mpa,1.0,0.0,0.0,0.0,0.0
mbu,1.0,0.0,0.0,0.0,0.0
ouk,0.0,0.5,0.0,0.0,0.5
vor,0.5714285714285714,0.42857142857142855,0.0,0.0,0.0
006,1.0,0.0,0.0,0.0,0.0
uon,0.0,1.0,0.0,0.0,0.0
gce,1.0,0.0,0.0,0.0,0.0
udy,1.0,0.0,0.0,0.0,0.0
331,1.0,0.0,0.0,0.0,0.0
mt5,1.0,0.0,0.0,0.0,0.0
iär,0.0,0.6,0.4,0.0,0.0
örp,0.0,1.0,0.0,0.0,0.0
ftr,1.0,0.0,0.0,0.0,0.0
boy,0.0,0.0,0.0,0.0,1.0
256,1.0,0.0,0.0,0.0,0.0
chk,0.0,1.0,0.0,0.0,0.0
50a,1.0,0.0,0.0,0.0,0.0
xio,1.0,0.0,0.0,0.0,0.0
oxt,1.0,0.0,0.0,0.0,0.0
vem,1.0,0.0,0.0,0.0,0.0
op5,1.0,0.0,0.0,0.0,0.0
p16,1.0,0.0,0.0,0.0,0.0
a05,1.0,0.0,0.0,0.0,0.0
feo,1.0,0.0,0.0,0.0,0.0
tt,0.0,0.5,0.0,0.0,0.5
aß-,1.0,0.0,0.0,0.0,0.0
fal,0.0,1.0,0.0,0.0,0.0
elv,0.0,0.0,1.0,0.0,0.0
hay,0.0,0.0,0.0,0.0,1.0
eps,0.875,0.125,0.0,0.0,0.0
nss,1.0,0.0,0.0,0.0,0.0
o-x,1.0,0.0,0.0,0.0,0.0
mpm,0.0,0.0,0.0,0.0,1.0
c-2,1.0,0.0,0.0,0.0,0.0
icy,1.0,0.0,0.0,0.0,0.0
-1-,1.0,0.0,0.0,0.0,0.0
nna,0.5,0.0,0.0,0.0,0.5
lpf,0.0,0.0,1.0,0.0,0.0
nro,0.0,0.0,0.0,0.0,1.0
nfx,1.0,0.0,0.0,0.0,0.0
zza,1.0,0.0,0.0,0.0,0.0
cva,1.0,0.0,0.0,0.0,0.0
meg,0.0,1.0,0.0,0.0,0.0
ey1,1.0,0.0,0.0,0.0,0.0
125,1.0,0.0,0.0,0.0,0.0
vey,0.0,0.0,0.0,0.0,1.0
usw,1.0,0.0,0.0,0.0,0.0
riq,1.0,0.0,0.0,0.0,0.0
ifa,0.0,1.0,0.0,0.0,0.0
ll,1.0,0.0,0.0,0.0,0.0
wlw,1.0,0.0,0.0,0.0,0.0
-ca,0.0,0.0,0.0,0.0,1.0
977,1.0,0.0,0.0,0.0,0.0
kap,1.0,0.0,0.0,0.0,0.0
jhi,1.0,0.0,0.0,0.0,0.0
owe,0.0,1.0,0.0,0.0,0.0
owl,1.0,0.0,0.0,0.0,0.0
yde,0.0,1.0,0.0,0.0,0.0
kln,1.0,0.0,0.0,0.0,0.0
mta,0.0,0.0,0.0,0.0,1.0
mad,0.0,1.0,0.0,0.0,0.0
yka,1.0,0.0,0.0,0.0,0.0
wab,0.0,1.0,0.0,0.0,0.0
jät,0.0,1.0,0.0,0.0,0.0
thd,0.0,0.0,0.0,1.0,0.0
teo,0.3333333333333333,0.0,0.0,0.0,0.6666666666666666
-tm,0.25,0.0,0.0,0.0,0.75
rbo,0.4,0.0,0.0,0.0,0.6
änz,0.0,0.8,0.2,0.0,0.0
lüh,0.0,1.0,0.0,0.0,0.0
udn,1.0,0.0,0.0,0.0,0.0
häh,0.0,1.0,0.0,0.0,0.0
reh,0.0,0.6666666666666666,0.3333333333333333,0.0,0.0
mdt,1.0,0.0,0.0,0.0,0.0
dub,0.5,0.0,0.0,0.0,0.5
olz,0.0,1.0,0.0,0.0,0.0
ll-,1.0,0.0,0.0,0.0,0.0
ntv,1.0,0.0,0.0,0.0,0.0
zzy,1.0,0.0,0.0,0.0,0.0
böe,1.0,0.0,0.0,0.0,0.0
gia,0.3333333333333333,0.6666666666666666,0.0,0.0,0.0
wed,0.0,0.3333333333333333,0.3333333333333333,0.3333333333333333,0.0
lta,0.5,0.0,0.0,0.0,0.5
kog,0.0,1.0,0.0,0.0,0.0
vic,1.0,0.0,0.0,0.0,0.0
rk-,1.0,0.0,0.0,0.0,0.0
165,1.0,0.0,0.0,0.0,0.0
rng,0.5,0.0,0.5,0.0,0.0
aiz,0.0,0.0,1.0,0.0,0.0
m50,1.0,0.0,0.0,0.0,0.0
rnn,0.0,1.0,0.0,0.0,0.0
gtm,1.0,0.0,0.0,0.0,0.0
pth,0.0,1.0,0.0,0.0,0.0
ca,0.0,0.0,0.0,0.0,1.0
akr,0.0,1.0,0.0,0.0,0.0
bay,0.0,0.0,0.0,0.0,1.0
zol,0.25,0.25,0.5,0.0,0.0
öke,0.0,1.0,0.0,0.0,0.0
ur,1.0,0.0,0.0,0.0,0.0
fts,1.0,0.0,0.0,0.0,0.0
pec,1.0,0.0,0.0,0.0,0.0
utv,0.0,0.0,0.0,0.0,1.0
eg-,1.0,0.0,0.0,0.0,0.0
tne,1.0,0.0,0.0,0.0,0.0
hhe,0.0,1.0,0.0,0.0,0.0
1ms,1.0,0.0,0.0,0.0,0.0
mk,1.0,0.0,0.0,0.0,0.0
rgs,1.0,0.0,0.0,0.0,0.0
ötz,0.0,0.8,0.2,0.0,0.0
mla,1.0,0.0,0.0,0.0,0.0
eni,0.5,0.5,0.0,0.0,0.0
bre,1.0,0.0,0.0,0.0,0.0
ulv,0.0,1.0,0.0,0.0,0.0
ph-,1.0,0.0,0.0,0.0,0.0
atm,0.0,0.0,0.0,0.0,1.0
rtt,1.0,0.0,0.0,0.0,0.0
rbg,1.0,0.0,0.0,0.0,0.0
yrn,0.0,0.0,1.0,0.0,0.0
xar,1.0,0.0,0.0,0.0,0.0
yea,1.0,0.0,0.0,0.0,0.0
0ct,1.0,0.0,0.0,0.0,0.0
ml-,1.0,0.0,0.0,0.0,0.0
th0,1.0,0.0,0.0,0.0,0.0
lsp,0.0,0.0,0.0,0.0,1.0
dog,0.0,0.3333333333333333,0.0,0.0,0.6666666666666666
kek,0.0,0.2,0.0,0.0,0.8
heß,0.0,0.0,1.0,0.0,0.0
ölt,0.0,1.0,0.0,0.0,0.0
cmp,1.0,0.0,0.0,0.0,0.0
di-,1.0,0.0,0.0,0.0,0.0
akk,0.0,1.0,0.0,0.0,0.0
chr,0.6666666666666666,0.0,0.3333333333333333,0.0,0.0
mäh,1.0,0.0,0.0,0.0,0.0
dey,1.0,0.0,0.0,0.0,0.0
hru,1.0,0.0,0.0,0.0,0.0
421,1.0,0.0,0.0,0.0,0.0
rüs,0.0,0.0,1.0,0.0,0.0
nxu,1.0,0.0,0.0,0.0,0.0
rfg,0.0,1.0,0.0,0.0,0.0
tzm,1.0,0.0,0.0,0.0,0.0
zag,0.3333333333333333,0.6666666666666666,0.0,0.0,0.0
uca,1.0,0.0,0.0,0.0,0.0
mke,0.0,1.0,0.0,0.0,0.0
dha,0.0,0.0,0.0,0.0,1.0
zch,0.0,1.0,0.0,0.0,0.0
öms,1.0,0.0,0.0,0.0,0.0
py9,1.0,0.0,0.0,0.0,0.0
axt,0.5,0.5,0.0,0.0,0.0
tox,1.0,0.0,0.0,0.0,0.0
pio,0.0,0.6666666666666666,0.0,0.0,0.3333333333333333
fri,0.0,0.0,0.0,0.0,1.0
lox,1.0,0.0,0.0,0.0,0.0
mpt,0.5,0.0,0.5,0.0,0.0
idi,1.0,0.0,0.0,0.0,0.0
gre,0.6666666666666666,0.3333333333333333,0.0,0.0,0.0
osp,0.0,1.0,0.0,0.0,0.0
ftt,1.0,0.0,0.0,0.0,0.0
jot,0.0,1.0,0.0,0.0,0.0
tör,0.0,0.5,0.5,0.0,0.0
eti,0.0,0.0,0.0,0.0,1.0
tae,1.0,0.0,0.0,0.0,0.0
bns,1.0,0.0,0.0,0.0,0.0
a03,1.0,0.0,0.0,0.0,0.0
boi,0.0,0.0,0.0,0.0,1.0
spt,0.0,1.0,0.0,0.0,0.0
oys,1.0,0.0,0.0,0.0,0.0
vcs,1.0,0.0,0.0,0.0,0.0
kew,1.0,0.0,0.0,0.0,0.0
-ku,1.0,0.0,0.0,0.0,0.0
-fu,1.0,0.0,0.0,0.0,0.0
gzu,1.0,0.0,0.0,0.0,0.0
zzo,0.5,0.5,0.0,0.0,0.0
34s,1.0,0.0,0.0,0.0,0.0
inx,1.0,0.0,0.0,0.0,0.0
ihp,1.0,0.0,0.0,0.0,0.0
an-,1.0,0.0,0.0,0.0,0.0
nem,0.5555555555555556,0.1111111111111111,0.2222222222222222,0.0,0.1111111111111111
b-1,1.0,0.0,0.0,0.0,0.0
lny,1.0,0.0,0.0,0.0,0.0
büh,0.0,1.0,0.0,0.0,0.0
gey,1.0,0.0,0.0,0.0,0.0
eyr,1.0,0.0,0.0,0.0,0.0
ößa,0.0,1.0,0.0,0.0,0.0
424,1.0,0.0,0.0,0.0,0.0
425,1.0,0.0,0.0,0.0,0.0
0hq,1.0,0.0,0.0,0.0,0.0
3t,0.0,1.0,0.0,0.0,0.0
lif,0.0,0.0,1.0,0.0,0.0
ckl,0.0,0.3333333333333333,0.5,0.16666666666666666,0.0
sms,1.0,0.0,0.0,0.0,0.0
khz,1.0,0.0,0.0,0.0,0.0
uko,0.6666666666666666,0.3333333333333333,0.0,0.0,0.0
sps,1.0,0.0,0.0,0.0,0.0
mbh,1.0,0.0,0.0,0.0,0.0
lkt,0.0,1.0,0.0,0.0,0.0
adb,1.0,0.0,0.0,0.0,0.0
egy,1.0,0.0,0.0,0.0,0.0
tec,0.8333333333333334,0.0,0.0,0.0,0.16666666666666666
dea,1.0,0.0,0.0,0.0,0.0
nör,0.0,0.0,1.0,0.0,0.0
aee,0.0,1.0,0.0,0.0,0.0
4x7,1.0,0.0,0.0,0.0,0.0
rtc,1.0,0.0,0.0,0.0,0.0
hoh,0.0,0.0,1.0,0.0,0.0
ccm,1.0,0.0,0.0,0.0,0.0
slm,1.0,0.0,0.0,0.0,0.0
sir,0.0,0.0,1.0,0.0,0.0
aer,0.5,0.5,0.0,0.0,0.0
mya,1.0,0.0,0.0,0.0,0.0
aen,0.0,1.0,0.0,0.0,0.0
kys,1.0,0.0,0.0,0.0,0.0
cr,1.0,0.0,0.0,0.0,0.0
liz,0.0,0.75,0.0,0.25,0.0
gim,0.0,0.0,1.0,0.0,0.0
kim,1.0,0.0,0.0,0.0,0.0
iee,0.0,1.0,0.0,0.0,0.0
god,0.0,1.0,0.0,0.0,0.0
wn-,1.0,0.0,0.0,0.0,0.0
777,1.0,0.0,0.0,0.0,0.0
tua,1.0,0.0,0.0,0.0,0.0
a-t,1.0,0.0,0.0,0.0,0.0
hut,0.75,0.0,0.0,0.0,0.25
-dj,0.0,0.0,0.0,0.0,1.0
zar,0.0,0.6666666666666666,0.3333333333333333,0.0,0.0
kee,0.3333333333333333,0.5,0.0,0.0,0.16666666666666666
wäh,0.0,1.0,0.0,0.0,0.0
oia,1.0,0.0,0.0,0.0,0.0
cro,0.0,0.0,0.0,0.0,1.0
vib,0.0,0.0,0.0,0.0,1.0
äns,0.0,1.0,0.0,0.0,0.0
ntd,1.0,0.0,0.0,0.0,0.0
n2-,1.0,0.0,0.0,0.0,0.0
itl,0.0,0.0,0.3333333333333333,0.6666666666666666,0.0
sbs,1.0,0.0,0.0,0.0,0.0
ffi,0.0,0.0,0.0,0.0,1.0
ulp,1.0,0.0,0.0,0.0,0.0
xml,0.5,0.0,0.0,0.0,0.5
btq,1.0,0.0,0.0,0.0,0.0
-dr,1.0,0.0,0.0,0.0,0.0
-cv,0.0,0.0,0.0,0.0,1.0
dp-,1.0,0.0,0.0,0.0,0.0
gör,0.0,1.0,0.0,0.0,0.0
puz,0.0,1.0,0.0,0.0,0.0
jes,0.6666666666666666,0.3333333333333333,0.0,0.0,0.0
iso,0.3333333333333333,0.6666666666666666,0.0,0.0,0.0
rly,0.0,0.0,0.0,0.0,1.0
lsa,1.0,0.0,0.0,0.0,0.0
uan,0.5,0.0,0.5,0.0,0.0
-go,1.0,0.0,0.0,0.0,0.0
se-,1.0,0.0,0.0,0.0,0.0
aem,0.0,0.0,1.0,0.0,0.0
stt,1.0,0.0,0.0,0.0,0.0
cfd,0.0,0.0,0.0,0.0,1.0
hng,0.0,1.0,0.0,0.0,0.0
tak,0.0,0.0,0.0,0.0,1.0
gmp,1.0,0.0,0.0,0.0,0.0
ela,1.0,0.0,0.0,0.0,0.0
lv-,1.0,0.0,0.0,0.0,0.0
-ig,0.0,1.0,0.0,0.0,0.0
ubt,0.25,0.75,0.0,0.0,0.0
löw,0.0,1.0,0.0,0.0,0.0
dao,0.0,0.0,0.0,0.0,1.0
ejs,1.0,0.0,0.0,0.0,0.0
sjs,1.0,0.0,0.0,0.0,0.0
nva,0.8333333333333334,0.0,0.0,0.0,0.16666666666666666
usz,1.0,0.0,0.0,0.0,0.0
op3,1.0,0.0,0.0,0.0,0.0
mh,1.0,0.0,0.0,0.0,0.0
id,1.0,0.0,0.0,0.0,0.0
cin,0.75,0.0,0.25,0.0,0.0
url,1.0,0.0,0.0,0.0,0.0
eod,0.0,0.0,0.0,1.0,0.0
qtt,1.0,0.0,0.0,0.0,0.0
86-,1.0,0.0,0.0,0.0,0.0
hc-,1.0,0.0,0.0,0.0,0.0
buy,1.0,0.0,0.0,0.0,0.0
plä,0.0,1.0,0.0,0.0,0.0
sya,1.0,0.0,0.0,0.0,0.0
aig,0.6,0.4,0.0,0.0,0.0
v20,1.0,0.0,0.0,0.0,0.0
rmg,0.0,1.0,0.0,0.0,0.0
bur,1.0,0.0,0.0,0.0,0.0
sea,1.0,0.0,0.0,0.0,0.0
pns,1.0,0.0,0.0,0.0,0.0
esn,1.0,0.0,0.0,0.0,0.0
00f,1.0,0.0,0.0,0.0,0.0
le,1.0,0.0,0.0,0.0,0.0
dri,0.0,1.0,0.0,0.0,0.0
fzo,0.0,1.0,0.0,0.0,0.0
wm0,1.0,0.0,0.0,0.0,0.0
höl,1.0,0.0,0.0,0.0,0.0
otg,0.0,1.0,0.0,0.0,0.0
wgs,1.0,0.0,0.0,0.0,0.0
faß,0.0,0.0,1.0,0.0,0.0
süß,0.4,0.1,0.4,0.1,0.0
hto,0.0,0.2,0.0,0.0,0.8
rby,1.0,0.0,0.0,0.0,0.0
x11,1.0,0.0,0.0,0.0,0.0
lts,1.0,0.0,0.0,0.0,0.0
mop,0.0,0.0,0.0,0.0,1.0
kod,0.0,1.0,0.0,0.0,0.0
pgs,1.0,0.0,0.0,0.0,0.0
xip,1.0,0.0,0.0,0.0,0.0
avi,1.0,0.0,0.0,0.0,0.0
egh,1.0,0.0,0.0,0.0,0.0
ivä,1.0,0.0,0.0,0.0,0.0
onc,1.0,0.0,0.0,0.0,0.0
723,1.0,0.0,0.0,0.0,0.0
miq,1.0,0.0,0.0,0.0,0.0
mew,1.0,0.0,0.0,0.0,0.0
äto,0.0,1.0,0.0,0.0,0.0
eyg,0.0,1.0,0.0,0.0,0.0
smb,0.0,0.0,0.0,0.0,1.0
tid,0.0,0.5,0.5,0.0,0.0
zg,0.0,1.0,0.0,0.0,0.0
ödt,1.0,0.0,0.0,0.0,0.0
gna,1.0,0.0,0.0,0.0,0.0
fes,1.0,0.0,0.0,0.0,0.0
n50,1.0,0.0,0.0,0.0,0.0
rp-,1.0,0.0,0.0,0.0,0.0
gee,0.0,0.0,0.0,0.0,1.0
fär,0.0,0.0,1.0,0.0,0.0
usb,1.0,0.0,0.0,0.0,0.0
67,1.0,0.0,0.0,0.0,0.0
702,1.0,0.0,0.0,0.0,0.0
pee,0.0,0.0,0.0,0.0,1.0
tda,1.0,0.0,0.0,0.0,0.0
0mp,1.0,0.0,0.0,0.0,0.0
eda,0.5,0.5,0.0,0.0,0.0
132,1.0,0.0,0.0,0.0,0.0
lyx,1.0,0.0,0.0,0.0,0.0
jor,0.0,0.0,0.0,0.0,1.0
v45,1.0,0.0,0.0,0.0,0.0
4oo,1.0,0.0,0.0,0.0,0.0
blu,0.0,0.5,0.0,0.0,0.5
dso,1.0,0.0,0.0,0.0,0.0
60p,1.0,0.0,0.0,0.0,0.0
jen,1.0,0.0,0.0,0.0,0.0
wef,0.0,0.0,1.0,0.0,0.0
kb,1.0,0.0,0.0,0.0,0.0
edl,0.0,0.0,0.0,1.0,0.0
iad,0.0,0.0,0.0,0.0,1.0
lff,0.5,0.0,0.0,0.0,0.5
0ml,1.0,0.0,0.0,0.0,0.0
dcu,1.0,0.0,0.0,0.0,0.0
btc,1.0,0.0,0.0,0.0,0.0
cis,1.0,0.0,0.0,0.0,0.0
tki,1.0,0.0,0.0,0.0,0.0
021,1.0,0.0,0.0,0.0,0.0
swe,0.0,1.0,0.0,0.0,0.0
hed,1.0,0.0,0.0,0.0,0.0
pmn,1.0,0.0,0.0,0.0,0.0
pyd,0.0,0.0,0.0,1.0,0.0
-6-,1.0,0.0,0.0,0.0,0.0
-ic,0.0,0.0,0.0,0.0,1.0
omo,1.0,0.0,0.0,0.0,0.0
tou,1.0,0.0,0.0,0.0,0.0
cgs,1.0,0.0,0.0,0.0,0.0
e02,1.0,0.0,0.0,0.0,0.0
llg,0.0,1.0,0.0,0.0,0.0
äls,0.0,0.0,1.0,0.0,0.0
eab,0.0,0.0,1.0,0.0,0.0
ar4,1.0,0.0,0.0,0.0,0.0
n16,1.0,0.0,0.0,0.0,0.0
eht,0.0,0.0,1.0,0.0,0.0
0ig,0.0,0.0,1.0,0.0,0.0
vil,0.5,0.0,0.5,0.0,0.0
lv3,1.0,0.0,0.0,0.0,0.0
äve,0.0,1.0,0.0,0.0,0.0
gju,1.0,0.0,0.0,0.0,0.0
oat,0.3333333333333333,0.0,0.0,0.0,0.6666666666666666
adr,0.0,0.0,0.0,0.0,1.0
mäs,0.0,0.0,1.0,0.0,0.0
v90,1.0,0.0,0.0,0.0,0.0
uam,1.0,0.0,0.0,0.0,0.0
esu,1.0,0.0,0.0,0.0,0.0
pak,1.0,0.0,0.0,0.0,0.0
önk,0.0,0.0,1.0,0.0,0.0
hrl,0.0,0.0,0.0,1.0,0.0
31,1.0,0.0,0.0,0.0,0.0
ünt,0.0,1.0,0.0,0.0,0.0
ihn,0.3333333333333333,0.6666666666666666,0.0,0.0,0.0
in4,1.0,0.0,0.0,0.0,0.0
agd,0.0,1.0,0.0,0.0,0.0
jan,1.0,0.0,0.0,0.0,0.0
nfl,1.0,0.0,0.0,0.0,0.0
ot2,1.0,0.0,0.0,0.0,0.0
p18,1.0,0.0,0.0,0.0,0.0
kam,1.0,0.0,0.0,0.0,0.0
fft,0.0,0.0,1.0,0.0,0.0
n-2,1.0,0.0,0.0,0.0,0.0
go4,1.0,0.0,0.0,0.0,0.0
zle,0.0,0.5,0.0,0.0,0.5
bts,1.0,0.0,0.0,0.0,0.0
jos,0.0,0.0,1.0,0.0,0.0
heg,0.0,0.25,0.75,0.0,0.0
iho,0.0,1.0,0.0,0.0,0.0
itg,1.0,0.0,0.0,0.0,0.0
paa,1.0,0.0,0.0,0.0,0.0
sa,1.0,0.0,0.0,0.0,0.0
vog,0.0,1.0,0.0,0.0,0.0
yan,0.0,0.0,0.0,0.0,1.0
ölä,1.0,0.0,0.0,0.0,0.0
rüb,0.0,1.0,0.0,0.0,0.0
dfa,1.0,0.0,0.0,0.0,0.0
hrd,0.0,1.0,0.0,0.0,0.0
r24,1.0,0.0,0.0,0.0,0.0
stö,0.0,1.0,0.0,0.0,0.0
kug,0.0,1.0,0.0,0.0,0.0
aci,1.0,0.0,0.0,0.0,0.0
saa,0.0,1.0,0.0,0.0,0.0
it2,1.0,0.0,0.0,0.0,0.0
yro,0.7142857142857143,0.0,0.0,0.0,0.2857142857142857
ay1,1.0,0.0,0.0,0.0,0.0
jim,0.0,0.0,1.0,0.0,0.0
tiy,1.0,0.0,0.0,0.0,0.0
duz,0.0,1.0,0.0,0.0,0.0
iez,0.0,1.0,0.0,0.0,0.0
urä,0.0,1.0,0.0,0.0,0.0
igu,1.0,0.0,0.0,0.0,0.0
007,1.0,0.0,0.0,0.0,0.0
osd,0.0,0.0,0.0,1.0,0.0
löß,0.0,1.0,0.0,0.0,0.0
rub,0.0,0.5,0.0,0.0,0.5
hyt,0.0,1.0,0.0,0.0,0.0
hca,1.0,0.0,0.0,0.0,0.0
aoe,0.0,0.0,0.0,0.0,1.0
fir,0.0,0.0,1.0,0.0,0.0
hus,1.0,0.0,0.0,0.0,0.0
kng,0.0,0.0,0.0,0.0,1.0
lyn,0.0,1.0,0.0,0.0,0.0
re-,1.0,0.0,0.0,0.0,0.0
adl,1.0,0.0,0.0,0.0,0.0
og,1.0,0.0,0.0,0.0,0.0
kue,0.0,1.0,0.0,0.0,0.0
aim,0.6666666666666666,0.0,0.3333333333333333,0.0,0.0
vee,0.0,1.0,0.0,0.0,0.0
rgo,1.0,0.0,0.0,0.0,0.0
pso,0.0,0.0,0.0,0.0,1.0
dr6,1.0,0.0,0.0,0.0,0.0
tbe,1.0,0.0,0.0,0.0,0.0
eia,0.0,1.0,0.0,0.0,0.0
dü,0.0,1.0,0.0,0.0,0.0
vos,1.0,0.0,0.0,0.0,0.0
bbs,1.0,0.0,0.0,0.0,0.0
iac,0.0,0.0,0.0,0.0,1.0
lky,1.0,0.0,0.0,0.0,0.0
twe,0.0,1.0,0.0,0.0,0.0
bid,0.0,0.0,0.0,0.0,1.0
g-5,1.0,0.0,0.0,0.0,0.0
iix,1.0,0.0,0.0,0.0,0.0
kly,1.0,0.0,0.0,0.0,0.0
bde,1.0,0.0,0.0,0.0,0.0
dei,0.25,0.75,0.0,0.0,0.0
yak,0.0,0.0,0.0,0.0,1.0
pfo,0.0,1.0,0.0,0.0,0.0
iwa,1.0,0.0,0.0,0.0,0.0
rey,0.5,0.0,0.0,0.0,0.5
ügt,0.6666666666666666,0.3333333333333333,0.0,0.0,0.0
5g7,1.0,0.0,0.0,0.0,0.0
11a,1.0,0.0,0.0,0.0,0.0
hz1,1.0,0.0,0.0,0.0,0.0
wco,1.0,0.0,0.0,0.0,0.0
pv4,1.0,0.0,0.0,0.0,0.0
pm,0.0,0.0,0.0,0.0,1.0
ülz,0.0,0.0,1.0,0.0,0.0
xle,1.0,0.0,0.0,0.0,0.0
aga,1.0,0.0,0.0,0.0,0.0
f1,1.0,0.0,0.0,0.0,0.0
rup,1.0,0.0,0.0,0.0,0.0
85b,1.0,0.0,0.0,0.0,0.0
pdu,0.0,0.0,0.0,0.0,1.0
--,0.0,0.0,0.0,0.0,1.0
p3s,1.0,0.0,0.0,0.0,0.0
60k,1.0,0.0,0.0,0.0,0.0
heo,0.0,0.0,0.0,0.0,1.0
aöl,1.0,0.0,0.0,0.0,0.0
k-5,1.0,0.0,0.0,0.0,0.0
two,1.0,0.0,0.0,0.0,0.0
hli,0.0,1.0,0.0,0.0,0.0
hew,0.2,0.0,0.0,0.0,0.8
lto,0.0,0.0,0.0,0.0,1.0
keh,1.0,0.0,0.0,0.0,0.0
iku,1.0,0.0,0.0,0.0,0.0
evs,1.0,0.0,0.0,0.0,0.0
ofu,1.0,0.0,0.0,0.0,0.0
bsc,1.0,0.0,0.0,0.0,0.0
wto,0.0,0.0,0.0,0.0,1.0
iah,1.0,0.0,0.0,0.0,0.0
ith,1.0,0.0,0.0,0.0,0.0
b-2,1.0,0.0,0.0,0.0,0.0
ri,0.0,1.0,0.0,0.0,0.0
-fi,1.0,0.0,0.0,0.0,0.0
ge2,1.0,0.0,0.0,0.0,0.0
uzh,0.0,1.0,0.0,0.0,0.0
bzu,1.0,0.0,0.0,0.0,0.0
ne4,1.0,0.0,0.0,0.0,0.0
ql-,1.0,0.0,0.0,0.0,0.0
lpi,1.0,0.0,0.0,0.0,0.0
ufa,0.5,0.5,0.0,0.0,0.0
-ev,0.0,1.0,0.0,0.0,0.0
pjs,1.0,0.0,0.0,0.0,0.0
lez,1.0,0.0,0.0,0.0,0.0
aäs,1.0,0.0,0.0,0.0,0.0
udo,0.5,0.0,0.0,0.0,0.5
c-i,1.0,0.0,0.0,0.0,0.0
iya,0.0,0.0,0.0,0.0,1.0
dra,0.5,0.0,0.0,0.0,0.5
mau,0.0,1.0,0.0,0.0,0.0
tss,1.0,0.0,0.0,0.0,0.0
rya,0.75,0.0,0.0,0.0,0.25
ulf,1.0,0.0,0.0,0.0,0.0
nye,1.0,0.0,0.0,0.0,0.0
733,1.0,0.0,0.0,0.0,0.0
42l,1.0,0.0,0.0,0.0,0.0
öth,0.0,1.0,0.0,0.0,0.0
ämt,0.0,0.0,0.0,1.0,0.0
kär,0.0,1.0,0.0,0.0,0.0
ce,0.0,1.0,0.0,0.0,0.0
uwe,0.0,1.0,0.0,0.0,0.0
woa,1.0,0.0,0.0,0.0,0.0
gui,1.0,0.0,0.0,0.0,0.0
wif,0.0,0.0,1.0,0.0,0.0
gaj,1.0,0.0,0.0,0.0,0.0
-ex,1.0,0.0,0.0,0.0,0.0
50n,1.0,0.0,0.0,0.0,0.0
p65,1.0,0.0,0.0,0.0,0.0
adm,1.0,0.0,0.0,0.0,0.0
lfs,0.0,1.0,0.0,0.0,0.0
asp,0.0,0.0,0.0,0.0,1.0
ldt,0.0,1.0,0.0,0.0,0.0
nog,0.0,1.0,0.0,0.0,0.0
nao,1.0,0.0,0.0,0.0,0.0
lac,1.0,0.0,0.0,0.0,0.0
shi,0.0,0.0,0.0,1.0,0.0
pha,0.0,0.5,0.0,0.0,0.5
yes,1.0,0.0,0.0,0.0,0.0
oln,1.0,0.0,0.0,0.0,0.0
nia,0.25,0.75,0.0,0.0,0.0
o3s,1.0,0.0,0.0,0.0,0.0
gay,1.0,0.0,0.0,0.0,0.0
527,1.0,0.0,0.0,0.0,0.0
eol,0.0,1.0,0.0,0.0,0.0
eio,0.0,1.0,0.0,0.0,0.0
hio,0.0,1.0,0.0,0.0,0.0
qls,1.0,0.0,0.0,0.0,0.0
-we,0.0,1.0,0.0,0.0,0.0
gln,1.0,0.0,0.0,0.0,0.0
no1,1.0,0.0,0.0,0.0,0.0
jur,0.0,0.0,1.0,0.0,0.0
zro,0.0,0.0,0.0,0.0,1.0
svc,1.0,0.0,0.0,0.0,0.0
qua,1.0,0.0,0.0,0.0,0.0
nls,1.0,0.0,0.0,0.0,0.0
sys,1.0,0.0,0.0,0.0,0.0
gif,0.0,0.0,0.0,0.0,1.0
onq,1.0,0.0,0.0,0.0,0.0
nty,1.0,0.0,0.0,0.0,0.0
mwh,1.0,0.0,0.0,0.0,0.0
dug,0.0,1.0,0.0,0.0,0.0
is-,1.0,0.0,0.0,0.0,0.0
nsg,0.0,1.0,0.0,0.0,0.0
rär,0.0,0.2,0.8,0.0,0.0
ßel,0.0,1.0,0.0,0.0,0.0
kri,0.0,1.0,0.0,0.0,0.0
eba,0.0,1.0,0.0,0.0,0.0
844,1.0,0.0,0.0,0.0,0.0
aot,0.0,1.0,0.0,0.0,0.0
vwd,1.0,0.0,0.0,0.0,0.0
3dl,1.0,0.0,0.0,0.0,0.0
ifn,1.0,0.0,0.0,0.0,0.0
vum,0.0,1.0,0.0,0.0,0.0
xeo,0.0,0.0,0.0,0.0,1.0
bpm,1.0,0.0,0.0,0.0,0.0
pa3,1.0,0.0,0.0,0.0,0.0
idx,1.0,0.0,0.0,0.0,0.0
rmy,1.0,0.0,0.0,0.0,0.0
ulu,1.0,0.0,0.0,0.0,0.0
vit,0.0,1.0,0.0,0.0,0.0
dab,1.0,0.0,0.0,0.0,0.0
ivo,1.0,0.0,0.0,0.0,0.0
ärf,0.0,0.0,1.0,0.0,0.0
dhq,1.0,0.0,0.0,0.0,0.0
ckx,1.0,0.0,0.0,0.0,0.0
hla,1.0,0.0,0.0,0.0,0.0
dod,0.0,0.0,0.0,1.0,0.0
633,1.0,0.0,0.0,0.0,0.0
odg,0.0,0.0,0.0,0.0,1.0
etx,1.0,0.0,0.0,0.0,0.0
t12,1.0,0.0,0.0,0.0,0.0
ttl,0.5,0.0,0.0,0.5,0.0
2f-,1.0,0.0,0.0,0.0,0.0
pln,0.0,1.0,0.0,0.0,0.0
154,1.0,0.0,0.0,0.0,0.0
n-f,1.0,0.0,0.0,0.0,0.0
läa,1.0,0.0,0.0,0.0,0.0
ska,1.0,0.0,0.0,0.0,0.0
mpp,0.0,0.0,0.0,0.0,1.0
klo,1.0,0.0,0.0,0.0,0.0
stp,1.0,0.0,0.0,0.0,0.0
tsm,1.0,0.0,0.0,0.0,0.0
kst,0.0,0.5,0.5,0.0,0.0
40,1.0,0.0,0.0,0.0,0.0
eji,1.0,0.0,0.0,0.0,0.0
ohs,0.5,0.0,0.5,0.0,0.0
kul,0.0,1.0,0.0,0.0,0.0
aso,0.5,0.0,0.0,0.0,0.5
r14,1.0,0.0,0.0,0.0,0.0
emy,1.0,0.0,0.0,0.0,0.0
91,1.0,0.0,0.0,0.0,0.0
yya,1.0,0.0,0.0,0.0,0.0
rmt,0.0,0.6666666666666666,0.3333333333333333,0.0,0.0
isc,1.0,0.0,0.0,0.0,0.0
sud,1.0,0.0,0.0,0.0,0.0
usk,1.0,0.0,0.0,0.0,0.0
chg,0.0,1.0,0.0,0.0,0.0
tsf,1.0,0.0,0.0,0.0,0.0
tka,1.0,0.0,0.0,0.0,0.0
oap,1.0,0.0,0.0,0.0,0.0
am,0.0,1.0,0.0,0.0,0.0
dui,0.0,1.0,0.0,0.0,0.0
efz,1.0,0.0,0.0,0.0,0.0
nös,0.3333333333333333,0.6666666666666666,0.0,0.0,0.0
äme,0.0,1.0,0.0,0.0,0.0
iyi,1.0,0.0,0.0,0.0,0.0
ay3,1.0,0.0,0.0,0.0,0.0
0xx,1.0,0.0,0.0,0.0,0.0
ar-,1.0,0.0,0.0,0.0,0.0
exa,1.0,0.0,0.0,0.0,0.0
h8i,1.0,0.0,0.0,0.0,0.0
jpg,0.0,0.0,0.0,0.0,1.0
sno,1.0,0.0,0.0,0.0,0.0
rra,0.0,0.0,0.0,0.0,1.0
äue,1.0,0.0,0.0,0.0,0.0
rön,1.0,0.0,0.0,0.0,0.0
äug,0.0,1.0,0.0,0.0,0.0
oux,1.0,0.0,0.0,0.0,0.0
üto,0.0,1.0,0.0,0.0,0.0
vte,1.0,0.0,0.0,0.0,0.0
-bo,1.0,0.0,0.0,0.0,0.0
pms,1.0,0.0,0.0,0.0,0.0
lzu,1.0,0.0,0.0,0.0,0.0
nul,1.0,0.0,0.0,0.0,0.0
bim,1.0,0.0,0.0,0.0,0.0
ag-,1.0,0.0,0.0,0.0,0.0
ekk,0.0,1.0,0.0,0.0,0.0
lou,1.0,0.0,0.0,0.0,0.0
moq,1.0,0.0,0.0,0.0,0.0
esd,0.3333333333333333,0.0,0.0,0.6666666666666666,0.0
4pt,1.0,0.0,0.0,0.0,0.0
abp,1.0,0.0,0.0,0.0,0.0
xpo,1.0,0.0,0.0,0.0,0.0
uet,0.0,0.0,0.25,0.0,0.75
jod,1.0,0.0,0.0,0.0,0.0
öln,0.0,0.0,0.0,0.0,1.0
ibs,1.0,0.0,0.0,0.0,0.0
ega,1.0,0.0,0.0,0.0,0.0
v-x,1.0,0.0,0.0,0.0,0.0
uod,0.0,0.0,0.0,1.0,0.0
ofy,1.0,0.0,0.0,0.0,0.0
v1-,1.0,0.0,0.0,0.0,0.0
pac,1.0,0.0,0.0,0.0,0.0
bii,1.0,0.0,0.0,0.0,0.0
ng4,1.0,0.0,0.0,0.0,0.0
sot,0.0,1.0,0.0,0.0,0.0
ädi,0.0,1.0,0.0,0.0,0.0
add,0.0,1.0,0.0,0.0,0.0
stl,0.0,0.0,0.0,1.0,0.0
ol6,1.0,0.0,0.0,0.0,0.0
hei,0.0,1.0,0.0,0.0,0.0
bft,1.0,0.0,0.0,0.0,0.0
pta,1.0,0.0,0.0,0.0,0.0
uun,1.0,0.0,0.0,0.0,0.0
dmg,1.0,0.0,0.0,0.0,0.0
ecy,1.0,0.0,0.0,0.0,0.0
far,0.0,1.0,0.0,0.0,0.0
äxt,0.0,0.0,1.0,0.0,0.0
aao,1.0,0.0,0.0,0.0,0.0
btö,0.0,1.0,0.0,0.0,0.0
g76,1.0,0.0,0.0,0.0,0.0
srs,1.0,0.0,0.0,0.0,0.0
ppn,0.5,0.5,0.0,0.0,0.0
177,1.0,0.0,0.0,0.0,0.0
-xa,1.0,0.0,0.0,0.0,0.0
tna,0.0,1.0,0.0,0.0,0.0
gic,0.6666666666666666,0.0,0.0,0.0,0.3333333333333333
50c,1.0,0.0,0.0,0.0,0.0
tck,0.0,0.5,0.5,0.0,0.0
etf,1.0,0.0,0.0,0.0,0.0
lix,1.0,0.0,0.0,0.0,0.0
tj,0.0,0.0,0.0,0.0,1.0
nt-,1.0,0.0,0.0,0.0,0.0
eot,1.0,0.0,0.0,0.0,0.0
wul,0.0,1.0,0.0,0.0,0.0
aeb,0.0,0.0,0.0,0.0,1.0
law,1.0,0.0,0.0,0.0,0.0
-cs,1.0,0.0,0.0,0.0,0.0
it,1.0,0.0,0.0,0.0,0.0
mbö,0.0,1.0,0.0,0.0,0.0
tms,1.0,0.0,0.0,0.0,0.0
rfs,1.0,0.0,0.0,0.0,0.0
ypi,1.0,0.0,0.0,0.0,0.0
qia,1.0,0.0,0.0,0.0,0.0
tcs,1.0,0.0,0.0,0.0,0.0
lyr,1.0,0.0,0.0,0.0,0.0
tcr,1.0,0.0,0.0,0.0,0.0
ßum,0.0,1.0,0.0,0.0,0.0
öft,0.0,0.0,1.0,0.0,0.0
uno,1.0,0.0,0.0,0.0,0.0
ma,0.5,0.0,0.0,0.0,0.5
diy,1.0,0.0,0.0,0.0,0.0
kyl,1.0,0.0,0.0,0.0,0.0
osa,1.0,0.0,0.0,0.0,0.0
hsp,0.0,0.0,0.0,0.0,1.0
idg,0.0,0.5,0.0,0.0,0.5
ta-,1.0,0.0,0.0,0.0,0.0
003,1.0,0.0,0.0,0.0,0.0
tzn,0.0,1.0,0.0,0.0,0.0
fab,1.0,0.0,0.0,0.0,0.0
süs,0.0,0.0,1.0,0.0,0.0
jit,1.0,0.0,0.0,0.0,0.0
dni,0.0,0.0,0.0,0.0,1.0
uzo,1.0,0.0,0.0,0.0,0.0
mei,1.0,0.0,0.0,0.0,0.0
iol,0.5,0.5,0.0,0.0,0.0
ött,0.0,0.0,0.0,1.0,0.0
lbk,1.0,0.0,0.0,0.0,0.0
fid,0.0,0.0,1.0,0.0,0.0
s58,1.0,0.0,0.0,0.0,0.0
368,1.0,0.0,0.0,0.0,0.0
kix,1.0,0.0,0.0,0.0,0.0
rav,0.0,0.5,0.5,0.0,0.0
yne,1.0,0.0,0.0,0.0,0.0
yot,0.0,0.5,0.5,0.0,0.0
upf,0.25,0.25,0.5,0.0,0.0
ifu,1.0,0.0,0.0,0.0,0.0
rku,1.0,0.0,0.0,0.0,0.0
ouß,0.0,0.0,1.0,0.0,0.0
ugs,1.0,0.0,0.0,0.0,0.0
oif,0.0,0.0,1.0,0.0,0.0
-uk,1.0,0.0,0.0,0.0,0.0
lyt,0.0,1.0,0.0,0.0,0.0
mge,0.0,0.0,0.0,0.0,1.0
igs,1.0,0.0,0.0,0.0,0.0
pön,0.0,1.0,0.0,0.0,0.0
pda,0.0,0.0,0.0,0.0,1.0
2do,1.0,0.0,0.0,0.0,0.0
dct,1.0,0.0,0.0,0.0,0.0
nio,0.0,0.6666666666666666,0.0,0.0,0.3333333333333333
qme,1.0,0.0,0.0,0.0,0.0
i2c,1.0,0.0,0.0,0.0,0.0
ceo,0.0,0.0,0.0,0.0,1.0
oku,1.0,0.0,0.0,0.0,0.0
thn,1.0,0.0,0.0,0.0,0.0
phy,0.75,0.0,0.0,0.0,0.25
-32,1.0,0.0,0.0,0.0,0.0
rmv,1.0,0.0,0.0,0.0,0.0
p66,1.0,0.0,0.0,0.0,0.0
0mt,1.0,0.0,0.0,0.0,0.0
0gb,1.0,0.0,0.0,0.0,0.0
xpa,0.0,0.0,0.0,0.0,1.0
xhd,1.0,0.0,0.0,0.0,0.0
km2,1.0,0.0,0.0,0.0,0.0
rgy,1.0,0.0,0.0,0.0,0.0
zuk,1.0,0.0,0.0,0.0,0.0
cp,0.0,0.0,0.0,0.0,1.0
awl,0.0,1.0,0.0,0.0,0.0
vbs,1.0,0.0,0.0,0.0,0.0
cky,1.0,0.0,0.0,0.0,0.0
örf,0.0,1.0,0.0,0.0,0.0
pei,0.0,1.0,0.0,0.0,0.0
fög,1.0,0.0,0.0,0.0,0.0
bbi,1.0,0.0,0.0,0.0,0.0
dpd,1.0,0.0,0.0,0.0,0.0
kem,1.0,0.0,0.0,0.0,0.0
szi,0.0,1.0,0.0,0.0,0.0
ölk,0.0,0.0,0.0,1.0,0.0
enc,0.0,1.0,0.0,0.0,0.0
nnu,1.0,0.0,0.0,0.0,0.0
tah,0.5,0.0,0.0,0.0,0.5
sue,1.0,0.0,0.0,0.0,0.0
qie,0.0,0.0,0.0,0.0,1.0
fc8,1.0,0.0,0.0,0.0,0.0
tco,1.0,0.0,0.0,0.0,0.0
szu,1.0,0.0,0.0,0.0,0.0
wnd,0.0,0.0,1.0,0.0,0.0
tqt,1.0,0.0,0.0,0.0,0.0
eth,0.6666666666666666,0.0,0.0,0.3333333333333333,0.0
tuk,0.0,0.0,0.0,0.0,1.0
mrz,1.0,0.0,0.0,0.0,0.0
uys,1.0,0.0,0.0,0.0,0.0
eir,1.0,0.0,0.0,0.0,0.0
-me,1.0,0.0,0.0,0.0,0.0
adc,1.0,0.0,0.0,0.0,0.0
inr,1.0,0.0,0.0,0.0,0.0
mav,0.0,1.0,0.0,0.0,0.0
mni,1.0,0.0,0.0,0.0,0.0
ntn,1.0,0.0,0.0,0.0,0.0
wlt,1.0,0.0,0.0,0.0,0.0
wur,1.0,0.0,0.0,0.0,0.0
bür,0.0,1.0,0.0,0.0,0.0
ürk,0.5,0.0,0.0,0.0,0.5
mez,1.0,0.0,0.0,0.0,0.0
-oh,1.0,0.0,0.0,0.0,0.0
n97,1.0,0.0,0.0,0.0,0.0
20s,1.0,0.0,0.0,0.0,0.0
30e,1.0,0.0,0.0,0.0,0.0
45e,1.0,0.0,0.0,0.0,0.0
zn8,1.0,0.0,0.0,0.0,0.0
dre,0.0,1.0,0.0,0.0,0.0
dzg,0.0,1.0,0.0,0.0,0.0
rny,1.0,0.0,0.0,0.0,0.0
-zu,1.0,0.0,0.0,0.0,0.0
öff,1.0,0.0,0.0,0.0,0.0
ewp,1.0,0.0,0.0,0.0,0.0
eta,1.0,0.0,0.0,0.0,0.0
ego,1.0,0.0,0.0,0.0,0.0
bav,1.0,0.0,0.0,0.0,0.0
f16,1.0,0.0,0.0,0.0,0.0
inj,1.0,0.0,0.0,0.0,0.0
nnd,0.0,0.0,0.0,1.0,0.0
eaz,0.0,0.0,1.0,0.0,0.0
bsx,1.0,0.0,0.0,0.0,0.0
x-5,1.0,0.0,0.0,0.0,0.0
eac,1.0,0.0,0.0,0.0,0.0
-dm,1.0,0.0,0.0,0.0,0.0
orz,1.0,0.0,0.0,0.0,0.0
zus,0.0,1.0,0.0,0.0,0.0
uik,1.0,0.0,0.0,0.0,0.0
-se,0.0,1.0,0.0,0.0,0.0
ydn,1.0,0.0,0.0,0.0,0.0
agh,0.0,1.0,0.0,0.0,0.0
yat,1.0,0.0,0.0,0.0,0.0
hch,0.0,1.0,0.0,0.0,0.0
0ps,1.0,0.0,0.0,0.0,0.0
amg,1.0,0.0,0.0,0.0,0.0
pys,1.0,0.0,0.0,0.0,0.0
zai,1.0,0.0,0.0,0.0,0.0
nju,1.0,0.0,0.0,0.0,0.0
ddo,1.0,0.0,0.0,0.0,0.0
880,1.0,0.0,0.0,0.0,0.0
f12,1.0,0.0,0.0,0.0,0.0
f-8,1.0,0.0,0.0,0.0,0.0
ä6n,0.0,1.0,0.0,0.0,0.0
222,1.0,0.0,0.0,0.0,0.0
aop,0.0,0.0,0.0,0.0,1.0
lav,1.0,0.0,0.0,0.0,0.0
evx,1.0,0.0,0.0,0.0,0.0
zh,1.0,0.0,0.0,0.0,0.0
lwd,1.0,0.0,0.0,0.0,0.0
bak,0.0,1.0,0.0,0.0,0.0
wo-,1.0,0.0,0.0,0.0,0.0
ip-,1.0,0.0,0.0,0.0,0.0
opk,0.0,0.0,0.0,0.0,1.0
soe,0.0,0.0,0.0,0.0,1.0
kom,0.0,0.0,1.0,0.0,0.0
it7,1.0,0.0,0.0,0.0,0.0
kvm,1.0,0.0,0.0,0.0,0.0
zim,0.0,1.0,0.0,0.0,0.0
iii,1.0,0.0,0.0,0.0,0.0
lec,1.0,0.0,0.0,0.0,0.0
rlu,1.0,0.0,0.0,0.0,0.0
lce,1.0,0.0,0.0,0.0,0.0
fau,0.0,0.5,0.5,0.0,0.0
pgi,1.0,0.0,0.0,0.0,0.0
56,1.0,0.0,0.0,0.0,0.0
x4d,1.0,0.0,0.0,0.0,0.0
pho,1.0,0.0,0.0,0.0,0.0
liv,0.0,1.0,0.0,0.0,0.0
nhr,0.0,1.0,0.0,0.0,0.0
611,1.0,0.0,0.0,0.0,0.0
sep,1.0,0.0,0.0,0.0,0.0
p9,1.0,0.0,0.0,0.0,0.0
s-5,1.0,0.0,0.0,0.0,0.0
dxp,0.0,0.0,0.0,0.0,1.0
vnc,1.0,0.0,0.0,0.0,0.0
wip,0.0,0.0,0.0,0.0,1.0
trt,1.0,0.0,0.0,0.0,0.0
ffo,0.0,1.0,0.0,0.0,0.0
013,1.0,0.0,0.0,0.0,0.0
sx6,1.0,0.0,0.0,0.0,0.0
e38,1.0,0.0,0.0,0.0,0.0
e24,1.0,0.0,0.0,0.0,0.0
f5-,1.0,0.0,0.0,0.0,0.0
on3,1.0,0.0,0.0,0.0,0.0
aab,1.0,0.0,0.0,0.0,0.0
mne,0.0,1.0,0.0,0.0,0.0
pv2,1.0,0.0,0.0,0.0,0.0
ezu,1.0,0.0,0.0,0.0,0.0
ed-,1.0,0.0,0.0,0.0,0.0
hoe,0.0,0.0,0.0,0.0,1.0
uay,0.0,0.0,0.0,0.0,1.0
was,1.0,0.0,0.0,0.0,0.0
620,1.0,0.0,0.0,0.0,0.0
erä,0.5,0.5,0.0,0.0,0.0
dib,1.0,0.0,0.0,0.0,0.0
qv2,1.0,0.0,0.0,0.0,0.0
-23,1.0,0.0,0.0,0.0,0.0
tjs,1.0,0.0,0.0,0.0,0.0
iju,1.0,0.0,0.0,0.0,0.0
lol,1.0,0.0,0.0,0.0,0.0
sl,1.0,0.0,0.0,0.0,0.0
pod,0.0,0.0,0.0,0.0,1.0
lbo,1.0,0.0,0.0,0.0,0.0
äin,0.0,1.0,0.0,0.0,0.0
opt,1.0,0.0,0.0,0.0,0.0
avk,1.0,0.0,0.0,0.0,0.0
oti,0.0,0.5,0.0,0.0,0.5
kß,0.0,0.0,1.0,0.0,0.0
443,1.0,0.0,0.0,0.0,0.0
nua,1.0,0.0,0.0,0.0,0.0
-27,1.0,0.0,0.0,0.0,0.0
ryd,0.0,0.0,0.0,1.0,0.0
slo,0.0,0.0,0.0,0.0,1.0
ewm,1.0,0.0,0.0,0.0,0.0
2b-,1.0,0.0,0.0,0.0,0.0
blr,1.0,0.0,0.0,0.0,0.0
sze,0.0,1.0,0.0,0.0,0.0
on9,1.0,0.0,0.0,0.0,0.0
ex,0.0,1.0,0.0,0.0,0.0
izo,1.0,0.0,0.0,0.0,0.0
ugo,1.0,0.0,0.0,0.0,0.0
ohd,0.0,0.0,1.0,0.0,0.0
ölb,0.0,0.0,1.0,0.0,0.0
ml,1.0,0.0,0.0,0.0,0.0
bt7,1.0,0.0,0.0,0.0,0.0
aom,1.0,0.0,0.0,0.0,0.0
hcg,1.0,0.0,0.0,0.0,0.0
efs,1.0,0.0,0.0,0.0,0.0
nox,1.0,0.0,0.0,0.0,0.0
er0,1.0,0.0,0.0,0.0,0.0
osc,1.0,0.0,0.0,0.0,0.0
gwh,1.0,0.0,0.0,0.0,0.0
coc,1.0,0.0,0.0,0.0,0.0
hcx,1.0,0.0,0.0,0.0,0.0
wny,1.0,0.0,0.0,0.0,0.0
fle,1.0,0.0,0.0,0.0,0.0
zix,1.0,0.0,0.0,0.0,0.0
zyn,1.0,0.0,0.0,0.0,0.0
018,1.0,0.0,0.0,0.0,0.0
feu,1.0,0.0,0.0,0.0,0.0
en3,1.0,0.0,0.0,0.0,0.0
lhi,1.0,0.0,0.0,0.0,0.0
nfe,0.0,1.0,0.0,0.0,0.0
aii,1.0,0.0,0.0,0.0,0.0
zön,0.0,1.0,0.0,0.0,0.0
np3,1.0,0.0,0.0,0.0,0.0
gew,1.0,0.0,0.0,0.0,0.0
gpl,1.0,0.0,0.0,0.0,0.0
src,1.0,0.0,0.0,0.0,0.0
zia,1.0,0.0,0.0,0.0,0.0
baz,1.0,0.0,0.0,0.0,0.0
fiv,0.0,0.0,1.0,0.0,0.0
noi,1.0,0.0,0.0,0.0,0.0
sv4,1.0,0.0,0.0,0.0,0.0
gbe,1.0,0.0,0.0,0.0,0.0
yss,0.0,0.0,0.0,0.0,1.0
mmn,0.0,1.0,0.0,0.0,0.0
nn-,1.0,0.0,0.0,0.0,0.0
cra,0.0,0.0,0.0,0.0,1.0
k20,1.0,0.0,0.0,0.0,0.0
epc,0.0,0.0,0.0,0.0,1.0
ttn,1.0,0.0,0.0,0.0,0.0
kua,0.0,0.0,0.0,0.0,1.0
qur,0.0,0.0,1.0,0.0,0.0
-40,1.0,0.0,0.0,0.0,0.0
crs,1.0,0.0,0.0,0.0,0.0
gul,1.0,0.0,0.0,0.0,0.0
t3d,1.0,0.0,0.0,0.0,0.0
bsi,0.0,1.0,0.0,0.0,0.0
bsp,0.0,0.0,0.0,0.0,1.0
nja,1.0,0.0,0.0,0.0,0.0
rba,0.0,0.0,0.0,0.0,1.0
-p4,1.0,0.0,0.0,0.0,0.0
ffr,0.0,1.0,0.0,0.0,0.0
nyd,0.0,0.0,0.0,1.0,0.0
ica,0.0,0.0,0.0,0.0,1.0
dnr,1.0,0.0,0.0,0.0,0.0
fom,0.5,0.0,0.0,0.0,0.5
p-l,0.0,0.0,0.0,1.0,0.0
tyl,0.0,0.5,0.0,0.0,0.5
p2-,1.0,0.0,0.0,0.0,0.0
aeg,0.0,0.0,1.0,0.0,0.0
vtd,1.0,0.0,0.0,0.0,0.0
b30,1.0,0.0,0.0,0.0,0.0
5jo,1.0,0.0,0.0,0.0,0.0
vöd,1.0,0.0,0.0,0.0,0.0
oxi,0.0,1.0,0.0,0.0,0.0
ex-,1.0,0.0,0.0,0.0,0.0
nno,1.0,0.0,0.0,0.0,0.0
61f,1.0,0.0,0.0,0.0,0.0
gvs,1.0,0.0,0.0,0.0,0.0
soo,1.0,0.0,0.0,0.0,0.0
sou,0.0,0.0,0.0,0.0,1.0
-55,1.0,0.0,0.0,0.0,0.0
306,1.0,0.0,0.0,0.0,0.0
jew,0.0,0.0,0.0,0.0,1.0
bib,1.0,0.0,0.0,0.0,0.0
jed,0.0,0.0,0.0,1.0,0.0
ögi,1.0,0.0,0.0,0.0,0.0
1de,1.0,0.0,0.0,0.0,0.0
-us,1.0,0.0,0.0,0.0,0.0
etc,1.0,0.0,0.0,0.0,0.0
fx-,1.0,0.0,0.0,0.0,0.0
oan,0.0,0.0,0.0,0.0,1.0
oes,0.0,0.0,1.0,0.0,0.0
gd,1.0,0.0,0.0,0.0,0.0
210,1.0,0.0,0.0,0.0,0.0
lms,1.0,0.0,0.0,0.0,0.0
45-,1.0,0.0,0.0,0.0,0.0
näß,0.0,0.0,1.0,0.0,0.0
yfn,1.0,0.0,0.0,0.0,0.0
c3s,1.0,0.0,0.0,0.0,0.0
hbe,1.0,0.0,0.0,0.0,0.0
em-,1.0,0.0,0.0,0.0,0.0
smc,1.0,0.0,0.0,0.0,0.0
zom,0.0,0.0,1.0,0.0,0.0
äpf,0.0,0.0,1.0,0.0,0.0
eph,0.0,1.0,0.0,0.0,0.0
tuß,0.0,0.0,1.0,0.0,0.0
ntf,1.0,0.0,0.0,0.0,0.0
oßt,1.0,0.0,0.0,0.0,0.0
fhl,0.0,0.0,1.0,0.0,0.0
vp9,1.0,0.0,0.0,0.0,0.0
ynk,0.0,0.0,1.0,0.0,0.0
eyo,1.0,0.0,0.0,0.0,0.0
faq,0.0,0.0,0.0,0.0,1.0
pfd,0.0,0.0,0.0,0.0,1.0
e2s,1.0,0.0,0.0,0.0,0.0
ndu,1.0,0.0,0.0,0.0,0.0
rz1,1.0,0.0,0.0,0.0,0.0
md,0.0,0.0,0.0,1.0,0.0
chd,1.0,0.0,0.0,0.0,0.0
5e-,1.0,0.0,0.0,0.0,0.0
eb-,1.0,0.0,0.0,0.0,0.0
snd,0.0,0.0,0.0,1.0,0.0
hym,0.0,1.0,0.0,0.0,0.0
ecu,0.0,0.0,0.0,0.0,1.0
dup,1.0,0.0,0.0,0.0,0.0
hrn,0.0,0.0,1.0,0.0,0.0
dd,1.0,0.0,0.0,0.0,0.0
sho,1.0,0.0,0.0,0.0,0.0
uf-,1.0,0.0,0.0,0.0,0.0
zge,0.0,1.0,0.0,0.0,0.0
gno,0.0,0.6666666666666666,0.0,0.0,0.3333333333333333
srl,1.0,0.0,0.0,0.0,0.0
stb,1.0,0.0,0.0,0.0,0.0
bao,1.0,0.0,0.0,0.0,0.0
lt2,1.0,0.0,0.0,0.0,0.0
s-e,0.5,0.0,0.0,0.0,0.5
hz-,1.0,0.0,0.0,0.0,0.0
ipl,0.0,1.0,0.0,0.0,0.0
416,1.0,0.0,0.0,0.0,0.0
rt-,1.0,0.0,0.0,0.0,0.0
seu,1.0,0.0,0.0,0.0,0.0
-16,1.0,0.0,0.0,0.0,0.0
sql,1.0,0.0,0.0,0.0,0.0
hrk,0.0,0.0,1.0,0.0,0.0
oip,1.0,0.0,0.0,0.0,0.0
pke,0.0,1.0,0.0,0.0,0.0
exo,1.0,0.0,0.0,0.0,0.0
-of,0.0,1.0,0.0,0.0,0.0
x42,1.0,0.0,0.0,0.0,0.0
-sp,1.0,0.0,0.0,0.0,0.0
igh,0.5,0.0,0.0,0.0,0.5
sga,1.0,0.0,0.0,0.0,0.0
2pa,1.0,0.0,0.0,0.0,0.0
roc,1.0,0.0,0.0,0.0,0.0
eek,1.0,0.0,0.0,0.0,0.0
b-d,1.0,0.0,0.0,0.0,0.0
-35,1.0,0.0,0.0,0.0,0.0
tiß,0.0,0.0,1.0,0.0,0.0
6ri,1.0,0.0,0.0,0.0,0.0
veu,1.0,0.0,0.0,0.0,0.0
0rr,1.0,0.0,0.0,0.0,0.0
atv,0.0,0.0,0.0,0.0,1.0
lah,0.4,0.0,0.0,0.0,0.6
bu-,1.0,0.0,0.0,0.0,0.0
cne,1.0,0.0,0.0,0.0,0.0
rbr,1.0,0.0,0.0,0.0,0.0
5x5,1.0,0.0,0.0,0.0,0.0
f15,1.0,0.0,0.0,0.0,0.0
oxa,0.0,1.0,0.0,0.0,0.0
sne,1.0,0.0,0.0,0.0,0.0
12v,1.0,0.0,0.0,0.0,0.0
dts,1.0,0.0,0.0,0.0,0.0
kw-,1.0,0.0,0.0,0.0,0.0
näh,0.0,1.0,0.0,0.0,0.0
wäl,0.0,1.0,0.0,0.0,0.0
es-,1.0,0.0,0.0,0.0,0.0
öma,0.0,1.0,0.0,0.0,0.0
g-3,1.0,0.0,0.0,0.0,0.0
mbd,1.0,0.0,0.0,0.0,0.0
8v-,1.0,0.0,0.0,0.0,0.0
ae-,1.0,0.0,0.0,0.0,0.0
ffs,1.0,0.0,0.0,0.0,0.0
ccs,1.0,0.0,0.0,0.0,0.0
le1,1.0,0.0,0.0,0.0,0.0
am-,1.0,0.0,0.0,0.0,0.0
ebc,0.0,0.0,0.0,0.0,1.0
a40,1.0,0.0,0.0,0.0,0.0
a44,1.0,0.0,0.0,0.0,0.0
yki,0.0,1.0,0.0,0.0,0.0
mtv,0.0,0.0,0.0,0.0,1.0
nov,0.0,1.0,0.0,0.0,0.0
opo,1.0,0.0,0.0,0.0,0.0
rac,1.0,0.0,0.0,0.0,0.0
-ip,0.6666666666666666,0.0,0.0,0.0,0.3333333333333333
358,1.0,0.0,0.0,0.0,0.0
maw,1.0,0.0,0.0,0.0,0.0
ltm,0.0,0.0,0.0,0.0,1.0
kia,1.0,0.0,0.0,0.0,0.0
bnc,1.0,0.0,0.0,0.0,0.0
vzu,1.0,0.0,0.0,0.0,0.0
auc,1.0,0.0,0.0,0.0,0.0
ödi,0.0,1.0,0.0,0.0,0.0
mle,1.0,0.0,0.0,0.0,0.0
sks,1.0,0.0,0.0,0.0,0.0
-av,1.0,0.0,0.0,0.0,0.0
gi-,1.0,0.0,0.0,0.0,0.0
blo,0.0,1.0,0.0,0.0,0.0
zah,0.0,1.0,0.0,0.0,0.0
ezv,1.0,0.0,0.0,0.0,0.0
cua,0.0,0.0,0.0,0.0,1.0
dya,1.0,0.0,0.0,0.0,0.0
peo,0.0,0.0,0.0,0.0,1.0
fx2,1.0,0.0,0.0,0.0,0.0
sbk,1.0,0.0,0.0,0.0,0.0
kük,0.0,1.0,0.0,0.0,0.0
tbm,1.0,0.0,0.0,0.0,0.0
lib,0.0,1.0,0.0,0.0,0.0
btd,0.0,0.0,0.0,1.0,0.0
rfa,0.0,1.0,0.0,0.0,0.0
tam,0.0,0.0,0.0,0.0,1.0
zra,0.0,1.0,0.0,0.0,0.0
duk,0.0,1.0,0.0,0.0,0.0
lür,0.0,1.0,0.0,0.0,0.0
nky,1.0,0.0,0.0,0.0,0.0
wor,0.0,1.0,0.0,0.0,0.0
ibi,1.0,0.0,0.0,0.0,0.0
str,0.0,1.0,0.0,0.0,0.0
h-t,0.0,1.0,0.0,0.0,0.0
dzu,1.0,0.0,0.0,0.0,0.0
elu,1.0,0.0,0.0,0.0,0.0
a-z,1.0,0.0,0.0,0.0,0.0
-fs,1.0,0.0,0.0,0.0,0.0
t3i,1.0,0.0,0.0,0.0,0.0
köp,0.0,1.0,0.0,0.0,0.0
vsp,0.0,0.0,0.0,0.0,1.0
-vi,1.0,0.0,0.0,0.0,0.0
ägt,0.0,1.0,0.0,0.0,0.0
sub,0.0,0.0,0.0,0.0,1.0
sll,1.0,0.0,0.0,0.0,0.0
epk,0.0,0.0,0.0,0.0,1.0
4bc,1.0,0.0,0.0,0.0,0.0
loz,1.0,0.0,0.0,0.0,0.0
boc,1.0,0.0,0.0,0.0,0.0
ro2,1.0,0.0,0.0,0.0,0.0
aln,0.0,0.0,1.0,0.0,0.0
nso,1.0,0.0,0.0,0.0,0.0
dfe,0.0,1.0,0.0,0.0,0.0
gth,0.0,0.0,0.0,0.0,1.0
226,1.0,0.0,0.0,0.0,0.0
ums,1.0,0.0,0.0,0.0,0.0
esh,1.0,0.0,0.0,0.0,0.0
ox2,1.0,0.0,0.0,0.0,0.0
srv,1.0,0.0,0.0,0.0,0.0
dly,1.0,0.0,0.0,0.0,0.0
ppy,1.0,0.0,0.0,0.0,0.0
oty,1.0,0.0,0.0,0.0,0.0
486,1.0,0.0,0.0,0.0,0.0
odu,0.0,0.0,0.0,0.0,1.0
urx,1.0,0.0,0.0,0.0,0.0
lck,0.5,0.5,0.0,0.0,0.0
kjv,1.0,0.0,0.0,0.0,0.0
idu,0.0,1.0,0.0,0.0,0.0
käh,0.0,1.0,0.0,0.0,0.0
tfb,1.0,0.0,0.0,0.0,0.0
bec,1.0,0.0,0.0,0.0,0.0
tn-,1.0,0.0,0.0,0.0,0.0
utm,0.0,0.0,0.0,0.0,1.0
10x,1.0,0.0,0.0,0.0,0.0
ähm,1.0,0.0,0.0,0.0,0.0
zhl,1.0,0.0,0.0,0.0,0.0
mgr,1.0,0.0,0.0,0.0,0.0
nbd,0.0,0.0,0.0,1.0,0.0
250,1.0,0.0,0.0,0.0,0.0
gse,0.0,1.0,0.0,0.0,0.0
nay,1.0,0.0,0.0,0.0,0.0
oio,1.0,0.0,0.0,0.0,0.0
seb,1.0,0.0,0.0,0.0,0.0
kah,1.0,0.0,0.0,0.0,0.0
-li,0.0,0.0,1.0,0.0,0.0
-dn,1.0,0.0,0.0,0.0,0.0
apk,0.0,0.0,0.0,0.0,1.0
ap4,1.0,0.0,0.0,0.0,0.0
fps,1.0,0.0,0.0,0.0,0.0
vad,1.0,0.0,0.0,0.0,0.0
olx,1.0,0.0,0.0,0.0,0.0
dvv,1.0,0.0,0.0,0.0,0.0
wad,0.0,0.0,0.0,1.0,0.0
ttr,1.0,0.0,0.0,0.0,0.0
maa,1.0,0.0,0.0,0.0,0.0
tsz,0.0,1.0,0.0,0.0,0.0
4us,1.0,0.0,0.0,0.0,0.0
dn-,1.0,0.0,0.0,0.0,0.0
jlo,1.0,0.0,0.0,0.0,0.0
186,1.0,0.0,0.0,0.0,0.0
5ma,1.0,0.0,0.0,0.0,0.0
ody,1.0,0.0,0.0,0.0,0.0
rao,0.0,1.0,0.0,0.0,0.0
boa,1.0,0.0,0.0,0.0,0.0
c30,1.0,0.0,0.0,0.0,0.0
ida,0.0,0.0,0.0,0.0,1.0
65k,1.0,0.0,0.0,0.0,0.0
opn,1.0,0.0,0.0,0.0,0.0
tia,0.5,0.5,0.0,0.0,0.0
auz,0.0,1.0,0.0,0.0,0.0
c40,1.0,0.0,0.0,0.0,0.0
wcd,0.0,0.0,0.0,0.0,1.0
uzl,0.0,0.0,0.0,1.0,0.0
zo,1.0,0.0,0.0,0.0,0.0
loc,1.0,0.0,0.0,0.0,0.0
rd-,1.0,0.0,0.0,0.0,0.0
4xl,1.0,0.0,0.0,0.0,0.0
5xl,1.0,0.0,0.0,0.0,0.0
-t1,1.0,0.0,0.0,0.0,0.0
röf,0.0,1.0,0.0,0.0,0.0
lso,1.0,0.0,0.0,0.0,0.0
atl,0.0,1.0,0.0,0.0,0.0
he-,1.0,0.0,0.0,0.0,0.0
516,1.0,0.0,0.0,0.0,0.0
0h1,1.0,0.0,0.0,0.0,0.0
ch2,1.0,0.0,0.0,0.0,0.0
194,1.0,0.0,0.0,0.0,0.0
amn,1.0,0.0,0.0,0.0,0.0
um1,1.0,0.0,0.0,0.0,0.0
lrs,0.0,0.0,0.0,0.0,1.0
fe,1.0,0.0,0.0,0.0,0.0
qns,1.0,0.0,0.0,0.0,0.0
ut-,1.0,0.0,0.0,0.0,0.0
vol,1.0,0.0,0.0,0.0,0.0
ofk,1.0,0.0,0.0,0.0,0.0
ocr,1.0,0.0,0.0,0.0,0.0
dje,1.0,0.0,0.0,0.0,0.0
hni,0.0,1.0,0.0,0.0,0.0
kpi,1.0,0.0,0.0,0.0,0.0
qc,0.0,0.0,0.0,0.0,1.0
ucy,1.0,0.0,0.0,0.0,0.0
g4s,1.0,0.0,0.0,0.0,0.0
en6,1.0,0.0,0.0,0.0,0.0
iit,1.0,0.0,0.0,0.0,0.0
löl,0.0,1.0,0.0,0.0,0.0
ngl,1.0,0.0,0.0,0.0,0.0
2ba,1.0,0.0,0.0,0.0,0.0
pj,0.0,0.0,0.0,0.0,1.0
m03,1.0,0.0,0.0,0.0,0.0
öbe,0.0,1.0,0.0,0.0,0.0
ofr,1.0,0.0,0.0,0.0,0.0
-11,1.0,0.0,0.0,0.0,0.0
tog,0.0,1.0,0.0,0.0,0.0
bro,0.0,0.0,0.0,0.0,1.0
ddi,1.0,0.0,0.0,0.0,0.0
-le,1.0,0.0,0.0,0.0,0.0
tza,1.0,0.0,0.0,0.0,0.0
pu,0.0,0.0,1.0,0.0,0.0
niz,0.0,0.0,1.0,0.0,0.0
mab,1.0,0.0,0.0,0.0,0.0
119,1.0,0.0,0.0,0.0,0.0
cse,0.0,0.0,0.0,0.0,1.0
ixx,1.0,0.0,0.0,0.0,0.0
bop,1.0,0.0,0.0,0.0,0.0
eem,0.0,0.0,1.0,0.0,0.0
gps,1.0,0.0,0.0,0.0,0.0
37x,1.0,0.0,0.0,0.0,0.0
nof,0.0,1.0,0.0,0.0,0.0
dum,0.0,1.0,0.0,0.0,0.0
iek,0.0,1.0,0.0,0.0,0.0
lng,0.0,1.0,0.0,0.0,0.0
nba,1.0,0.0,0.0,0.0,0.0
e95,1.0,0.0,0.0,0.0,0.0
5th,1.0,0.0,0.0,0.0,0.0
ouf,0.0,0.0,0.0,0.0,1.0
nca,0.0,0.0,0.0,0.0,1.0
apz,0.0,1.0,0.0,0.0,0.0
c75,1.0,0.0,0.0,0.0,0.0
tuo,1.0,0.0,0.0,0.0,0.0
eeb,1.0,0.0,0.0,0.0,0.0
n-d,0.0,1.0,0.0,0.0,0.0
f-t,0.0,1.0,0.0,0.0,0.0
eny,1.0,0.0,0.0,0.0,0.0
ync,1.0,0.0,0.0,0.0,0.0
jog,1.0,0.0,0.0,0.0,0.0
epi,1.0,0.0,0.0,0.0,0.0
f1i,1.0,0.0,0.0,0.0,0.0
-wi,0.0,1.0,0.0,0.0,0.0
